Run,Energy Balance Model.Heat Capacity of Land & Ocean Surface,Energy Balance Model.Heat Capacity of Thermocline Ocean,Energy Balance Model.Heat Capacity of Deep Ocean,Energy Balance Model.Deep Ocean Heat Uptake Efficacy Factor,Energy Balance Model.Heat Transfer Coefficient between Land & Ocean Surface and Space,Energy Balance Model.Heat Transfer Coefficient between Surface and Thermocline Ocean,Energy Balance Model.Heat Transfer Coefficient between Thermocline Ocean and Deep Ocean,Aerosol Forcing.Scaling Aerosol Cloud Interactions Effective Radiative Forcing scaling factor,Aerosol Forcing.Logarithmic Aerosol Cloud Interactions Effective Radiative Forcing scaling factor,Aerosol Forcing.Effective Radiative Forcing from Aerosol Radiation Interactions per unit SO2 Emissions,CH4 Forcing.Calibration scaling of CH4 forcing,N2O Forcing.Calibration scaling of N2O forcing,Minor GHGs Forcing.Calibration scaling of Minor GHG forcing,Stratospheric Water Vapour Forcing.Calibration scaling of Stratospheric H2O forcing,BC on Snow Forcing.Calibration scaling of Black Carbon on Snow forcing,Land Use Forcing.Calibration scaling of Albedo forcing,Land Use Forcing.Calibration scaling of Irrigation forcing,Natural Forcing.Calibration scaling of Volcano forcing,CO2 Forcing.Calibration scaling of CO2 forcing,Natural Forcing.Amplitude of Effective Radiative Forcing from Solar Output Variations,Natural Forcing.Linear trend in Effective Radiative Forcing from Solar Output Variations,Ozone Forcing.Ozone forcing per unit CH4 concentration change,Ozone Forcing.Ozone forcing per unit N2O concentration change,Ozone Forcing.Ozone forcing per unit Montreal gases equivalent effective stratospheric chlorine concentration change,Ozone Forcing.Ozone forcing per unit CO emissions change,Ozone Forcing.Ozone forcing per unit VOC emissions change,Ozone Forcing.Ozone forcing per unit NOx emissions change,Ocean.Depth of warm surface ocean layer,Ocean.Thickness of intermediate ocean layer,Ocean.Depth of cold surface ocean layer,Ocean.Reference overturning strength in Sv,Ocean.Reference intermediate to warm surface ocean mixing strength,Ocean.Reference cold surface to deep ocean mixing strength,Ocean.Reference strength of biological carbon pump in low latitude ocean,Ocean.Reference strength of biological carbon pump in high latitude ocean,Ocean.High latitude carbon pump transfer efficiency,CO2 Forcing.Atmospheric CO2 Concentration 1750,Ocean.Warm surface ocean alkalinity sensitivity to global T anomaly,Ocean.Cold surface ocean alkalinity sensitivity to global T anomaly,Ocean.High latitude carbon pump sensitivity to global T anomaly,Ocean.Warm surface ocean temperature sensitivity to global T anomaly,Ocean.Cold surface ocean temperature sensitivity to global T anomaly,Ocean.Warm surface ocean salinity sensitivity to global T anomaly,Ocean.Cold surface ocean salinity sensitivity to global T anomaly,Ocean.Initial Cold surface ocean pH,Ocean.Initial Warm surface ocean pH,Ocean.Initial Cold surface ocean carbon reservoir,Ocean.Initial Warm surface ocean carbon reservoir,Ocean.Initial Intermediate depth ocean carbon reservoir,Ocean.Initial Deep ocean ocean carbon reservoir,Energy Balance Model.Initial Land & Ocean Surface Temperature,Energy Balance Model.Initial Thermocline Ocean Temperature,Energy Balance Model.Initial Deep Ocean Temperature,CH4 Forcing.Initial CH4 in atmosphere,CO2 Forcing.Initial Atmospheric CO2 mass anomaly since 1750,Energy Balance Model.Surface Temperature 1850 to 1900 offset relative to 1750
32722,4.479888581440285,30.856644129805552,326.79815510881707,0.0777646568742767,2.317095077015659,0.3164281260816312,0.5684286872073507,-0.5394487675634992,0.0196196568951868,-0.003663324653645,0.8786736989490296,1.1394817227795428,1.0726178186037794,1.452257596086978,1.6048540881654132,0.5002089791765487,1.8274579763503147,0.975606983220226,0.975673679545902,0.5899890565710908,-0.0237914266692962,0.0001839353016869,0.0008519341249129,-9.000165914516244e-05,1.4866754069033986e-07,0.0001273131887526,0.0016587586506766,357.499993855904,776.5571374802628,213.957904585052,23.49652035728065,67.0613929436377,15.13864562315013,1.431080951202913,7.566469728365544,0.4496460673959273,277.1060041390303,-2.918536320954943e-06,-2.250602057662338e-05,-0.0116473126272659,0.5304416218661518,0.9513920669874842,-0.0291853632095494,-0.2250602057662338,8.28261157511,8.09261676502,279.370801952,2642.65027329,7469.36507707,26087.1394746,0.315924060463,0.0761834394436,0.00284346604912,2155.94574167,453070.335061,0.04825177483793314
21965,4.824382549783776,21.577829036281983,61.79097920902862,1.81328303009075,1.2284032196519616,2.19682756984711,1.33718196371342,-0.5682479755299285,0.0264210308069185,-0.0029129527916408,1.0882805660130257,0.992235885949967,0.900872489669844,0.6669171847832549,1.2405292783278377,1.4232101418134109,0.3439672614372854,0.9666905956068184,0.9699792600130976,1.181557621251203,0.0622763442195966,0.0002735280212724,0.0011627490820249,-8.050569013107917e-05,-9.58440763899154e-06,-9.790087966599964e-05,0.0009136729515541,358.18021577933075,419.3879024103367,319.50409583017864,10.183291881667518,89.60155051787788,28.68402644113924,1.7230789705934886,7.441575160957465,0.2044222585607475,276.35145788886445,-2.525555679710026e-06,-1.739821471698059e-05,-0.477531894564938,0.7373063801098589,0.8340730314581437,-0.0252555567971002,-0.1739821471698059,8.38808753533,8.08708663781,406.795216291,2651.25621157,4050.13969186,30107.8791747,0.30221079584,0.135006814053,0.0570373205267,2157.16406104,436765.620354,0.03970697180976412
22736,4.4793975114394975,22.26469791536339,105.63558460840828,0.927779273196192,1.4433218438156472,1.3337495452139814,0.5661969515104561,-1.8190704479065167,0.0049488053210847,-0.0006360736116363,0.9767677340499248,0.9887621814119892,0.9107945975348436,1.1621327945405835,1.174847565160199,2.0195863765483457,1.0839130273958306,0.9177594002658416,0.92781390140991,0.970298278533534,-0.0404492462567397,0.0001579186917121,0.0010096721371846,-8.356837643053641e-05,3.700633673664954e-06,0.0001883573613978,0.0011541319625105,319.795489786506,920.521814445334,488.75320663907047,19.901261648524613,54.48813379627185,25.41830120850695,1.918128915010012,7.815790953152375,0.2684956842754705,276.1400929308822,-1.3331209876555853e-06,-5.875080374009105e-06,-0.4894414088318126,0.9445628953754897,0.4220782245545664,-0.0133312098765558,-0.058750803740091,8.33707912762,8.09008639304,631.778051646,2364.94586282,9310.32697846,24829.3156767,0.302137637,0.138550968979,0.014682613046,2157.16862866,445411.507493,0.02349601294683929
70277,7.368076512435772,30.821292247589103,282.61095737223576,0.4837375767115471,1.7754052707091856,0.5277331619730323,0.4459732290214631,-0.2041925328129349,0.0202156876047997,-0.0055533729988856,1.3691168562020462,0.902815020151594,0.9801607971686384,1.81415530884188,0.8691193920185802,1.7092855098542727,1.4534425414598715,1.096460424773113,0.8694368717349017,0.6463933682980953,0.0429556566058098,0.0002518542915892,0.0008877082278527,-0.0001106233184942,0.0001559441239396,-9.714778448062816e-05,0.0007848884137509,275.6332750064381,840.7828541040775,318.5636747105692,27.06403287743632,76.6055525076446,23.61107593861804,2.4846957072948364,10.71473339698234,0.352634187423995,278.9592286170709,-3.908382087176263e-06,-1.1092054405828783e-05,-0.3472346065227918,0.8549771347042074,0.6227645423483358,-0.0390838208717626,-0.1109205440582878,8.41073837058,8.08189812467,403.25344925,2041.59855403,8386.32237569,26032.5243227,0.384652510191,0.13930894648,0.00703554522243,2150.14185246,440248.270729,0.07103015669941196
33967,4.204665657445815,15.898430883862115,43.99305141214771,1.3674231517851316,1.401288812376723,3.3174402558943887,1.0098229042763582,-5.333975680922927,0.0005503589077425,-0.0049839004544189,1.0214996583060474,0.9154708586724088,0.9581566342686628,1.211012760590265,0.8460607294596737,0.9130832266171808,1.992549044270802,1.070220545769834,0.9543254960278852,0.9189977862349996,0.0071951087370023,0.0002544362710138,0.0012453053693511,-4.029544060095835e-05,0.0001183157897746,0.0001274936335687,0.0007315846048034,407.8034040032492,508.42723209950975,323.32566921786105,28.43864663526165,76.59553791523743,17.815477486661226,1.2783357931855188,6.321722544897744,0.477921998103279,281.6496403387493,-3.6101410455970647e-06,-2.1048637934100706e-05,-0.2563158711781219,0.4504294598424197,0.3410080327271408,-0.0361014104559706,-0.210486379341007,8.23283327921,8.0918606417,426.879893903,3014.26373125,4756.57523114,27278.2910028,0.401790060881,0.290368388305,0.158241332272,2148.02910358,455820.107919,0.0550010959173798
26325,2.666038521605705,15.584606390173356,178.2568613581576,1.017287535245924,1.358483024405225,7.819471996399657,0.4625010880319002,-0.7033302139326657,0.0247613632826498,-0.0018414848534266,1.0465119527826956,1.0668212341976977,0.977270363046578,1.0699234543570575,0.9729399358824428,1.0150595212321167,0.3897141317879896,1.1237865210268785,0.9638662390656396,1.5026423143325875,0.0158330667515023,0.0002426210324176,0.0011841919070378,-9.949386604890883e-05,8.986996448311317e-05,-3.918629973472064e-05,0.0011375818239819,143.31598179797754,316.64362618381506,226.91600630143043,27.575712786579302,63.36964730928126,11.578421820857418,1.109954388750774,8.982890619987089,0.2850231409190238,277.3719772215697,-1.96441236030558e-06,-5.603216588648709e-06,-0.1084419226556561,0.8568682717593346,0.5632861760751378,-0.0196441236030558,-0.056032165886487,8.40256001767,8.07525362689,288.189169019,1063.80314443,3180.09481919,33338.0988173,0.386183273783,0.330171685503,0.0246766273053,2150.23230087,494353.219837,0.055856115105845
65751,4.759350680895529,20.61236929784753,68.49085128772846,1.2901092983043323,1.2312605734173567,2.1670570562225926,1.4088061550026827,-1.2531335313024103,0.0079889969960441,-0.0020402665239383,1.1954814404013183,1.0414432337716786,0.9954038653730004,0.0276668352993163,1.871413950017085,1.8245278403898528,1.60321808855783,0.7989433148697836,1.025223568757681,1.5225915061026192,-0.0156471754227737,0.0001923153886767,0.0013766513431966,-2.638758503228309e-07,0.0001425639723416,-0.0002871422182108,0.0002452169668661,224.80293080909308,816.8404417160318,214.5223711872087,14.714888335064575,72.02511010959293,12.390460797262577,0.5543773639111536,4.109502650496549,0.2829952217026804,277.49454889635365,-2.068517207916416e-06,-7.910748835440136e-06,-0.3152049768764163,0.6441932193058488,0.8608590330602279,-0.0206851720791641,-0.0791074883544013,8.22859279354,8.08891980565,283.994008325,1663.06557163,7579.32081578,27081.3305053,0.37960434025,0.188506115601,0.0784226811746,2152.1341607,503645.371097,0.03088408446089196
91675,3.2858779971607337,23.02774977297669,95.4097336801087,1.3396349502528353,1.123396392369885,4.249402041733687,1.1404063851911848,-0.71423739280865,0.0093100267577312,-0.004898734588258,1.0009130993578244,1.0600515293181547,1.0314320984064378,0.9644738256351816,1.0292591594530316,0.712123336102719,-1.5276835914214992,1.204416659105942,1.0406549099590665,0.948685217498864,-0.0877290330842164,0.000256571104415,0.0010541372799331,8.975363251855517e-06,0.0001485051959743,-0.0002079393787366,0.0008066334215735,261.50037927015194,665.4537024433489,408.339936358091,12.998639367785984,67.23555998279336,15.355750566917214,1.7328318005689205,7.303270007785125,0.1768116873343087,277.52422929506275,-3.565538444685671e-06,-2.3076956358417447e-05,-0.0360618693857946,0.837102641390229,0.4290284448913336,-0.0356553844468567,-0.2307695635841744,8.40849344646,8.08004083985,516.269983671,1937.88119793,6693.44174397,30038.3408186,0.403108643864,0.267667646688,0.081753885968,2149.02803585,460295.453567,0.040447020576481175
17540,4.130516610827893,5.373761473015912,141.7110392567091,1.7077421275492832,0.9857492174282466,4.600729042664051,1.071490015657533,-0.8606091261225483,0.011894488668815,-0.0038616509038426,1.1662703995825057,0.8548450718314897,1.1865330342709832,1.603674230116856,1.4037458323366678,0.2325233030371033,1.2918503807662802,0.8634737538945884,1.001566497357012,0.7989812405977185,-0.0240586087303306,0.0001616534027445,0.0011375470607363,-5.155987311357558e-05,7.231136541497555e-05,0.0001942506329188,0.001427710765683,104.8192212243674,718.1922105524054,317.8493663551665,23.8887288848112,52.88635362765795,15.716150313812506,1.935639991213143,10.37939391772419,0.2848079325147552,279.01640624955405,-3.022402658333538e-06,-2.22326213980203e-05,-0.1398028233970502,0.8221096716278293,0.5350399139843263,-0.0302240265833353,-0.222326213980203,8.41987158767,8.07178059177,400.452003216,778.527712042,7574.57782446,30101.9502869,0.432132255855,0.315906742443,0.0731544800054,2147.46794099,495601.998716,0.06933393788537352
21327,3.1981120671047467,4.59684822922631,143.37624912008644,1.168980737867108,1.3505861970868285,2.524580216504804,0.601260692049519,-0.8569065723148502,0.0103684067537808,-0.0015752834815476,1.0662429111489995,1.0273246702068664,0.9251192047968416,0.664231495528073,-0.6292184384709472,0.7349703807655901,-0.0539914731115295,1.1169015528092745,0.9505699689114996,1.345373200378818,-0.0431067383928456,0.0002189690901102,0.0017597527087922,-8.170089272713404e-05,0.0001090245936676,-0.0004429107003589,0.0012116286395881,390.52450579420434,739.571642525844,471.1385795898923,21.858272118800617,89.38828785927208,29.603427469700687,1.3896788556371176,8.26107125563951,0.3461100756553266,278.66020077310293,-1.824998836000633e-06,-2.8664809744508416e-05,-0.4075633047267258,0.891239605462385,0.8106842451769973,-0.0182499883600063,-0.2866480974450842,8.33952616177,8.08817969794,604.939485756,2887.24853196,7035.61778212,25326.9455648,0.476442323941,0.348920040407,0.0436662153301,2145.77032064,434541.940861,0.06415878610587983
87718,4.0140911142993305,17.647915575853688,157.69115398865972,1.0584589445184782,1.2159921421519142,3.504065101251069,0.6268082461394593,-0.4782581423051192,0.0158359538679152,-0.0041291380910276,0.9217020576540782,1.1731103704481722,0.9598414162717228,0.526416530661949,0.1745477877730175,0.0575769403037244,1.2359640487061168,1.0402380955553585,0.931534088744478,1.0166051943604466,0.0298239511292457,0.0002994899645267,0.0011510795618201,-7.222679072546668e-06,0.0001011768251469,-9.434082133370893e-05,0.0013362604499282,370.8967304127663,898.7070714940515,334.9204551136201,23.475314390405124,55.817065777329226,20.869246312314928,1.7363291585719876,6.133270996474093,0.1843461167964063,276.71936388883745,-3.1624895827872234e-06,-2.8016195145218528e-05,-0.2094672423579661,0.6242604186622545,0.6525116142732403,-0.0316248958278722,-0.2801619514521852,8.28758927734,8.08946135909,435.383758409,2741.49357227,8919.62588856,24662.4514109,0.514554145533,0.379502289952,0.0577711003502,2140.51037426,469236.403601,0.08379241893542454
87491,3.786454256931253,5.6504040275983565,83.76498202960734,1.3879892520364931,1.688426310012138,1.5493998295146223,0.5860236309790396,-0.4911202449797548,0.0184382130729355,-0.0032488910595779,1.0883867471438284,0.9590318846261306,0.977144147639726,0.3557035065330668,1.0296393190037092,0.7784956755803709,-0.1571479512612389,1.0381816422290142,1.00320069788945,0.9622278637662433,0.0051988835090879,0.0002889478175587,0.0013018414120413,-0.0001095590119943,8.51679195897906e-05,0.0001257370898682,0.0021645252463812,276.9408841413961,960.8096318487728,216.80832524913416,20.91765384229928,52.39777943835456,19.41082946723376,0.8790272977815123,4.6864226911711935,0.3733226016233371,276.1566941737983,-2.701491429219661e-06,-1.9125585171184265e-05,-0.0466507547716055,0.6137774902963447,0.8858395264600285,-0.0270149142921966,-0.1912558517118426,8.20733815312,8.09290187043,287.068868494,2044.8263068,9075.68347679,24329.856326,0.587555037619,0.373060509082,0.0823484160567,2137.11020293,502657.752829,0.08493736509198999
81844,3.2456680224038705,18.748293477662177,40.02596931546107,1.281686132987826,1.3526794058074751,2.1250353166912004,0.5791998290619192,-0.6028920898657063,0.0284401002484768,-0.0022103354456914,1.3011653015794755,0.9658944407129676,1.157455910476641,-0.1545898453599699,1.1230267553183535,0.6058071925564126,0.9681148739436926,0.5907494532102096,1.1937241557981426,1.211858606413348,-0.0875854011423734,0.0001414335675039,0.0014012202006558,-0.0001167843975696,0.0002488229174335,0.0002286204956341,0.0017941337555566,423.48219092303,771.8054436185732,388.93851114758985,16.93632038111177,83.54350128405088,14.85037314855538,1.3519547670665428,6.5374636824615004,0.3112213018413137,277.5248465953466,-2.1575847720277045e-06,-1.2531170885601028e-05,-0.112573128638056,0.4002931875880263,0.7819923439349741,-0.021575847720277,-0.1253117088560102,8.32602476266,8.09189890961,502.571408789,3130.24662892,7352.72689963,26044.1252887,0.510906680809,0.311857426933,0.0967678927861,2143.33471365,430700.903491,0.04222359959206392
33673,3.843974448857885,15.79124139657758,69.90747107003168,1.536366207650592,1.16737089591429,3.073880400166333,1.1591452159049105,-0.3133060327038166,0.0102510577923817,-0.0054730243296324,0.924395400836358,0.9282982709822544,1.0281515480423191,1.1641994777478626,0.8541383780629647,0.8887349197527198,0.5527164519287114,1.1583149619445634,0.977192095658728,1.386944983236012,0.0345149556550685,0.000282729385521,0.0013310407034065,-1.357166317574147e-05,0.0001824267195,-0.0003379752439627,0.0030750419656458,487.6791638354534,493.5740277769503,440.54943275043286,19.87737835488408,60.037327507469584,20.24548536314634,2.261874405009158,7.051068800398912,0.4228682030297538,278.0491000194509,-3.866302322242183e-06,-2.5428793846870538e-05,-0.1678108191023864,0.8048637619522825,0.5080881746864337,-0.0386630232224218,-0.2542879384687054,8.24863694103,8.09208385381,577.447452127,3598.19503805,4837.34603473,27411.2692997,0.623140590041,0.402710437066,0.167581346899,2134.33495079,464226.825763,0.0767533832902153
20015,4.979722454086753,17.11846703859632,106.9640731688306,1.2869262206079968,1.5629298318677023,1.8346313449099887,0.2059659043918776,-0.4529784253954822,0.0227927197874542,-0.0022410918302566,0.9436433773877576,1.0137523192392626,1.0121187949866226,0.0257666953166257,1.1803693752847682,1.5253235623931007,0.4876029276540686,0.9463048073574162,1.1151036068678095,1.5270785699180278,0.0307433072119103,0.000173231691983,0.0012657228541372,2.4199024768093385e-05,8.668802741490286e-05,-0.0001180401920941,0.0024682557757759,457.7449636723438,354.548145409363,438.4222872015239,23.803491910880343,53.36529304413584,17.870771390208397,0.8587254700455647,7.547741609131946,0.4345538243977381,277.9427843681018,-2.173692337277454e-06,-8.276950852068147e-06,-0.4374310352209671,0.5393643099914404,0.3509173789945489,-0.0217369233727745,-0.0827695085206814,8.26898742452,8.09187268014,574.940745381,3381.41872216,3446.90829282,28946.1141651,0.619779314429,0.410106734123,0.0245381349029,2135.95526557,457460.342584,0.057466016480046865
