Year,Emissions.CO2 Emissions from Fossil use,Emissions.CO2 Emissions from Food and Land Use,Emissions.Total N2O Emissions,Emissions.N2O non AFOLU Emissions,Emissions.Total CH4 Emissions,Emissions.Total SO2 Emissions,Minor GHGs Forcing.Montreal Gases Effective Radiative Forcing,Ozone Forcing.Montreal gases equivalent effective stratospheric chlorine,Natural Forcing.Baseline Effective Radiative Forcing from Solar Output Variations,Natural Forcing.Baseline Effective Radiative Forcing from Volcanoes,Emissions.HFC134a eq Emissions
1750,9.30631674,0,158.3908851,7.122395137,41.93349361,2.415663207,0,344.3627591,0,0,0
1751,9.407612152,22.20696647,161.0955187,8.66773867,42.05635089,2.416896718,-1.71E-10,344.3627583,0.064448249,0.18575121,0
1752,9.505554867,44.41393293,163.7127344,10.12565436,42.17918488,2.418060364,6.25E-10,344.3627583,0.04023614,0.185758609,0
1753,9.610880844,66.6208994,166.3299058,11.58353576,42.30194121,2.419118435,1.42E-09,344.3627583,0.007108296,0.185761094,0
1754,9.733977945,88.82786586,168.9471215,13.04145145,42.42467315,2.420244886,2.22E-09,344.3627583,-0.02818803,0.185761926,0
1755,9.793868468,111.0348323,171.5643272,14.49936724,42.54735516,2.421179935,3.01E-09,344.3627583,-0.057634136,0.173626323,0
1756,9.910318802,133.2417988,174.1875438,15.96328379,42.6746273,2.428677899,3.81E-09,344.3627583,-0.073663738,0.048675303,0
1757,10.09434705,155.4487653,176.8047499,17.42119988,42.79720727,2.429800598,4.60E-09,344.3627583,-0.067883721,0.000670793,0
1758,10.21677361,177.6557317,179.4219554,18.87911537,42.9197362,2.430161642,5.40E-09,344.3627583,-0.032634197,0.104594082,0
1759,10.33927712,199.8626982,182.0391709,20.33703086,43.04221523,2.431489074,6.20E-09,344.3627583,0.018293916,0.157633469,0
1760,10.51476056,222.0696647,184.6563421,21.79491206,43.1646166,2.432088827,6.99E-09,344.3627583,0.055984931,0.176274282,0
1761,10.74832444,244.2766311,187.3064642,23.26099416,43.2870213,2.442368762,7.79E-09,344.3627583,0.065353083,0.182573423,0
1762,10.95264474,266.4835976,189.9476697,24.71815971,43.40248092,2.442956843,8.58E-09,344.3627583,0.051234553,-0.267860171,0
1763,11.19204928,288.690564,192.5888753,26.17532526,43.51788841,2.444252117,9.38E-09,344.3627583,0.023520112,-0.579919504,0
1764,11.39744684,310.8975305,195.2300808,27.63249081,43.63324376,2.445960818,1.02E-08,344.3627583,-0.011526604,-0.239503723,0
1765,11.64395982,333.104497,197.8712863,29.08965625,43.74854808,2.44562912,1.10E-08,344.3627583,-0.044826055,0.035267171,0
1766,11.8765637,355.3114634,200.5243574,30.55868735,43.87297386,2.459722207,1.18E-08,344.3627583,-0.066807281,-0.03445293,0
1767,12.15300545,377.5184299,203.1655629,32.0158529,43.98817391,2.459854864,1.26E-08,344.3627583,-0.067275298,-0.204263602,0
1768,12.46744444,399.7253964,205.8067585,33.47301845,44.10332294,2.461956186,1.34E-08,344.3627583,-0.032602996,-0.100247777,0
1769,12.78059365,421.9323628,208.447964,34.93018399,44.21842094,2.46352051,1.42E-08,344.3627583,0.028551301,0.08103937,0
1770,13.09775143,444.1393293,211.0891705,36.38735054,44.3334668,2.465360016,1.49E-08,344.3627583,0.077459138,0.084448482,0
1771,13.37003438,466.3462958,213.9563347,37.88752469,44.63217518,2.479282353,1.57E-08,344.3627583,0.089518391,0.062627692,0
1772,13.62406253,488.5532622,216.8110172,39.37521715,44.92115979,2.481166386,1.65E-08,344.3627583,0.074276618,0.119996779,0
1773,13.80870269,510.7602287,219.6656995,40.86290952,45.21007118,2.482927529,1.73E-08,344.3627583,0.044838313,0.162561539,0
1774,14.01298635,532.9671952,222.5203829,42.35060288,45.49890714,2.485412526,1.81E-08,344.3627583,0.006492072,0.177918496,0
1775,14.33950604,555.1741616,225.3750653,43.83829525,45.78766878,2.487636391,1.89E-08,344.3627583,-0.031744964,0.183125222,0
1776,14.65472182,577.3811281,228.2429152,45.33915521,46.08653246,2.503861903,1.97E-08,344.3627583,-0.060184832,0.184876412,0
1777,14.960147,599.5880946,231.1001175,46.82936753,46.37514435,2.506134192,2.05E-08,344.3627583,-0.068858758,0.185464751,0
1778,15.24410393,621.795061,233.9574092,48.31966916,46.66368303,2.50778246,2.13E-08,344.3627583,-0.044638848,0.18566238,0
1779,15.53586916,644.0020275,236.8147882,49.81005821,46.95214628,2.511865345,2.21E-08,344.3627583,0.013379731,0.18572877,0
1780,15.87937218,666.208994,239.67229,51.30056997,47.24056183,2.513322059,2.29E-08,344.3627583,0.070470075,0.185751073,0
1781,16.23504384,688.4159604,242.466876,52.78624604,47.4252615,2.532052219,2.37E-08,344.3627583,0.091780476,0.185758566,0
1782,16.58163207,710.6229269,245.244913,54.25537299,47.59698393,2.53348706,2.45E-08,344.3627583,0.079557417,0.185761082,0
1783,17.06344574,732.8298933,248.0231355,55.72468552,47.76866089,2.536821623,2.53E-08,344.3627583,0.048980268,-0.710674798,0
1784,17.47180421,755.0368598,250.8014633,57.19411327,47.94023912,2.538317304,2.61E-08,344.3627583,0.008785359,-2.547330476,0
1785,17.9658598,777.2438263,253.648235,58.731975,48.11177519,2.539871632,2.69E-08,344.3627583,-0.031323748,-2.40513542,0
1786,18.44824874,799.4507927,256.4482022,60.2230322,48.29968396,2.563715986,2.77E-08,344.3627583,-0.059318999,-0.90498936,0
1787,18.85989761,821.6577592,259.2270264,61.69294643,48.47106918,2.564451632,2.85E-08,344.3627583,-0.062119305,-0.291697643,0
1788,19.28701653,843.8647257,262.0059558,63.16297576,48.64235567,2.564219918,2.93E-08,344.3627583,-0.020964959,-0.003803348,0
1789,19.86423365,866.0716921,264.7850797,64.63318969,48.81359557,2.565644105,3.01E-08,344.3627583,0.053410835,0.120758479,0
1790,20.39892467,888.2786586,267.5643541,66.10355411,48.98476338,2.568264521,3.09E-08,344.3627583,0.10706905,0.163866515,0
1791,20.93260437,910.4856251,270.4799875,67.58410747,49.08687859,2.58960726,3.17E-08,344.3627583,0.113605695,0.178404565,0
1792,21.93011044,932.6925915,273.4213308,69.09037083,49.17434047,2.596713442,3.25E-08,344.3627583,0.097466889,0.183290672,0
1793,22.29817059,954.899558,276.317436,70.55139604,49.26018616,2.597669104,3.33E-08,344.3627583,0.07298957,0.184932085,0
1794,22.52057347,977.1065245,279.2089369,72.00781694,49.34577006,2.597877767,3.40E-08,344.3627583,0.039666718,0.185483458,0
1795,22.3161579,999.3134909,282.1046167,73.46841673,49.43144159,2.598404685,3.48E-08,344.3627583,0.002786933,0.185668672,0
1796,22.12227676,1021.520457,285.0178178,74.94653783,49.5242856,2.608883501,3.56E-08,344.3627583,-0.033094414,0.120927073,0
1797,22.09097759,1043.727424,287.9253807,76.41902066,49.61794492,2.620794857,3.64E-08,344.3627583,-0.062548321,0.006672025,0
1798,23.10687036,1065.93439,290.832743,77.89130301,49.71045394,2.631206882,3.72E-08,344.3627583,-0.081183221,0.007375207,0
1799,27.48632776,1088.141357,293.7456779,79.36915793,49.80519812,2.642560133,3.80E-08,344.3627583,-0.086035003,0.098949707,0
1800,32.79968891,1110.348323,296.8616265,81.05002645,49.89916692,2.658920784,3.88E-08,344.3627583,-0.075668413,0.155378516,0
1801,31.98735431,1132.55529,300.1085158,82.53028581,50.16347602,2.66107225,3.96E-08,344.3627583,-0.051627911,0.175500492,0
1802,40.31211869,1154.762256,303.5029038,84.15804381,50.47001467,2.703851042,4.04E-08,344.3627583,-0.022618621,0.182312747,0
1803,29.53970979,1176.969223,306.7904928,85.67900283,50.71726777,2.700262943,4.12E-08,344.3627583,3.34E-05,0.184603477,0
1804,31.7704733,1199.176189,310.1182996,87.24016959,51.0104831,2.716034906,4.20E-08,344.3627583,0.009752595,0.18537307,0
1805,31.25309173,1221.383156,313.3943314,88.74957137,51.25665689,2.723770007,4.28E-08,344.3627583,0.006616877,0.185631588,0
1806,32.70595631,1243.590122,316.6481111,90.23672109,51.53293269,2.743247675,4.36E-08,344.3627583,-0.004896355,0.185718426,0
1807,36.20213017,1265.797089,320.1082583,91.9302283,51.80207484,2.756618884,4.44E-08,344.3627583,-0.022158404,0.185747594,0
1808,35.49923638,1288.004055,323.1989373,93.2542773,52.06054146,2.747771395,4.52E-08,344.3627583,-0.043008587,0.185757393,0
1809,36.33529635,1310.211021,326.4633894,94.7520994,52.32423603,2.749843495,4.60E-08,344.3627583,-0.06359356,-1.589964139,0
1810,39.49392144,1332.417988,329.7350936,96.2571636,52.61402373,2.759687858,4.68E-08,344.3627583,-0.080059978,-2.839759081,0
1811,40.1783186,1354.624954,333.3366209,97.7732309,52.83642163,2.783853181,4.76E-08,344.3627583,-0.089116119,-1.513065825,0
1812,40.8161884,1376.831921,336.9460539,99.2972039,53.05469863,2.799554493,4.84E-08,344.3627583,-0.088827508,-0.415432309,0
1813,41.20782002,1399.038887,340.531222,100.796902,53.26215035,2.804647914,4.92E-08,344.3627583,-0.078351714,-0.017573796,0
1814,42.22836993,1421.245854,344.1389291,102.3191491,53.47458154,2.813692669,5.00E-08,344.3627583,-0.060060027,0.117396412,0
1815,43.5890445,1443.45282,347.7723627,103.8671127,53.69062116,2.826705742,5.08E-08,344.3627583,-0.040122478,-1.595213742,0
1816,45.49843279,1465.659787,351.5528215,105.5621115,53.92156147,2.864714387,5.16E-08,344.3627583,-0.024833904,-3.835309347,0
1817,49.27793334,1487.866753,355.2730073,107.1968373,54.136321,2.878321464,5.24E-08,344.3627583,-0.018156853,-2.924166774,0
1818,51.39410791,1510.07372,358.892374,108.730734,54.3404638,2.884469395,5.31E-08,344.3627583,-0.020957159,-0.957482638,0
1819,50.93224553,1532.280686,362.4278259,110.1807259,54.54894048,2.887460151,5.39E-08,344.3627583,-0.031331548,-0.202649236,0
1820,50.7351436,1554.487653,366.0470091,111.7144391,54.76014372,2.895611542,5.47E-08,344.3627583,-0.046690325,0.055091383,0
1821,52.06147411,1576.694619,370.3970836,113.2835836,55.09201789,2.908316023,5.55E-08,344.3627583,-0.063648162,0.090205445,0
1822,54.02391561,1598.901585,374.7561459,114.8617159,55.43342837,2.931941313,5.63E-08,344.3627583,-0.077657488,0.062903839,0
1823,56.36006372,1621.108552,379.1497763,116.4744163,55.77932803,2.962446242,5.71E-08,344.3627583,-0.084568548,-0.102317607,0
1824,57.58598554,1643.315518,383.4906913,118.0344013,56.12394316,2.986857584,5.79E-08,344.3627583,-0.079958575,-0.149864552,0
1825,60.73334337,1665.522485,388.0134162,119.7761962,56.46307522,3.006780585,5.87E-08,344.3627583,-0.059178594,0.040451838,0
1826,61.38463494,1687.729451,392.4364479,121.4182979,56.79434595,3.02006712,5.95E-08,344.3627583,-0.027517205,0.135469508,0
1827,65.74125003,1709.936418,396.9769912,123.1779012,57.15884681,3.061560945,6.03E-08,344.3627583,0.00137508,0.168801105,0
1828,66.68450836,1732.143384,401.3973325,124.8173125,57.49092619,3.072179941,6.11E-08,344.3627583,0.017279878,0.180061821,0
1829,66.3101129,1754.350351,405.7489803,126.3880303,57.81670386,3.080641894,6.19E-08,344.3627583,0.016468647,0.183847341,0
1830,88.99212879,1776.557317,410.6538681,128.5119881,58.27022843,3.272656554,6.27E-08,344.3627583,0.002084907,0.18511907,0
1831,83.25430157,1798.764284,416.0662682,130.0589582,58.58298227,3.251272946,6.35E-08,344.3627583,-0.021058562,-1.029650877,0
1832,82.09510025,1820.97125,421.9160962,132.0433562,58.92784699,3.26906467,6.43E-08,344.3627583,-0.046893133,-1.871754406,0
1833,83.25234125,1843.178217,427.796301,134.058131,59.27644881,3.291727962,6.51E-08,344.3627583,-0.067236297,-0.959126377,0
1834,88.7667323,1865.385183,433.2343898,135.6307898,59.63342666,3.306660724,6.59E-08,344.3627583,-0.073749541,-0.219410863,0
1835,97.40356863,1887.59215,439.3964501,137.9274201,59.97860862,3.334952059,6.67E-08,344.3627583,-0.055801067,-0.841349856,0
1836,106.8988565,1909.799116,445.3592156,140.0247556,60.41737226,3.473366444,6.75E-08,344.3627583,-0.009615533,-1.365543905,0
1837,106.2037527,1932.006082,451.2914363,142.0915463,60.74868958,3.475200253,6.83E-08,344.3627583,0.041858601,-0.6658922,0
1838,105.8495797,1954.213049,456.6093351,143.5440151,61.1069575,3.51301104,6.91E-08,344.3627583,0.069736848,-0.115352051,0
1839,109.6575067,1976.420015,462.4806129,145.5498529,61.45777008,3.562257618,6.99E-08,344.3627583,0.068808613,0.083931327,0
1840,118.8133588,1998.626982,468.4110097,147.6148197,61.82949887,3.623875447,7.07E-08,344.3627583,0.050750935,0.151525133,0
1841,122.1705295,2020.833948,476.2326186,149.6381086,62.14892381,3.662369085,7.15E-08,344.3627583,0.023137898,0.174260283,0
1842,129.3940668,2043.040915,484.3897358,151.9969158,62.47649404,3.733025282,7.22E-08,344.3627583,-0.010684173,0.181898616,0
1843,132.3747901,2065.247881,492.3930155,154.2018755,62.78874095,3.791397155,7.30E-08,344.3627583,-0.043273797,0.184464478,0
1844,141.9722381,2087.454848,501.174931,157.185471,63.12355466,3.885687354,7.38E-08,344.3627583,-0.067704314,0.18532638,0
1845,155.0797289,2109.661814,510.355311,160.567531,63.50075433,4.015898631,7.46E-08,344.3627583,-0.077595086,0.185615903,0
1846,157.7082212,2131.868781,519.442618,163.856518,63.77475725,4.027299674,7.54E-08,344.3627583,-0.072033477,0.094612134,0
1847,170.8037191,2154.075747,528.968181,167.583761,64.15594139,4.170448333,7.62E-08,344.3627583,-0.059677813,0.031698535,0
1848,173.6505618,2176.282714,537.580884,170.398144,64.43003971,4.241632142,7.70E-08,344.3627583,-0.047322149,0.100195749,0
1849,185.0555824,2198.48968,546.388264,173.407204,64.7771651,4.34173658,7.78E-08,344.3627583,-0.034950884,0.155482283,0
1850,196.855624,2638.718918,602.014311,177.638731,65.10733101,4.392894999,7.86E-08,344.3627583,-0.02260302,0.175590276,0
1851,198.7866564,2819.828665,612.3014438,179.8115738,65.29457755,4.415740053,7.86E-08,344.3627583,-0.019170891,0.182529387,0.000292449
1852,207.60356,2857.615207,622.3784932,181.9659832,65.55602364,4.486089714,7.86E-08,344.3627583,-0.022306609,0.181926569,0.000350338
1853,217.2458316,2905.716329,632.1154736,184.0905536,65.84953625,4.558782303,7.86E-08,344.3627583,-0.027774615,0.097713797,0.000374512
1854,255.0489606,2914.959146,641.3823995,186.1738795,66.32907187,4.8641582,7.86E-08,344.3627583,-0.039763665,0.000887321,0.000398266
1855,260.2704689,2878.638264,650.0492863,188.2045563,66.58396446,4.902792456,7.86E-08,344.3627583,-0.050957085,0.049417991,0.000422622
1856,278.2569762,2969.005351,657.9861454,190.1711754,66.9200516,5.081035349,7.86E-08,344.3627583,-0.05641729,0.117602103,0.000447255
1857,281.1925168,2951.206745,665.0629954,192.0623354,67.15435186,5.133394397,7.86E-08,344.3627583,-0.054623223,0.03871614,0.000472176
1858,285.5600401,2974.950433,671.1498496,193.8666296,67.38167155,5.197731296,7.86E-08,344.3627583,-0.043203594,0.020732247,0.000497399
1859,302.5845176,3038.798238,676.1167216,195.5726516,67.73573093,5.422484559,7.86E-08,344.3627583,-0.02764201,0.119895628,0.000522936
1860,332.3120114,2780.9612,679.8336158,197.1689958,68.15428163,5.700870623,7.86E-08,344.3627583,-0.015223943,0.165136402,0.000548798
1861,349.2044183,2767.46797,682.7648557,198.6963957,68.48107982,5.847668269,7.86E-08,344.3627583,-0.010996184,0.146502799,0.000574998
1862,356.0056,2740.563952,685.4957859,200.2062259,68.73860246,5.901494192,7.86E-08,344.3627583,-0.018188055,-0.253781804,0.001668364
1863,379.5503692,2707.229352,688.0779223,201.7030023,69.17267059,6.17186408,7.86E-08,344.3627583,-0.02791502,-0.44118637,0.000702005
1864,409.5421398,2618.804265,690.5627817,203.1912417,69.58308597,6.460274863,7.86E-08,344.3627583,-0.035036687,-0.110286531,0.000729293
1865,434.8690707,2571.536737,693.0018893,204.6754693,69.9658031,6.70049491,7.86E-08,344.3627583,-0.041401726,0.090464357,0.000756969
1866,449.085344,2608.233194,695.4467828,206.1602028,70.36519908,6.853797312,7.86E-08,344.3627583,-0.045684087,0.158669671,0.000785042
1867,480.833521,2570.327568,697.9489743,207.6499643,70.67991409,7.196458685,7.86E-08,344.3627583,-0.049319024,0.179539825,0.001880345
1868,494.5137,2538.770081,700.5599947,209.1492747,70.95190371,7.361165125,7.86E-08,344.3627583,-0.046620122,0.186408921,0.000915981
1869,524.7524672,2584.993326,703.3313639,210.6626539,71.34673175,7.695532904,7.86E-08,344.3627583,-0.032805804,0.188780516,0.000945328
1870,536.145147,2835.263895,706.3146048,212.1946248,71.62553999,7.863673882,7.86E-08,344.3627583,-0.023188042,0.189681603,0.000975122
1871,569.7998285,2854.638085,716.0237634,214.3167534,72.15686035,8.307847334,7.86E-08,344.3627583,-0.017111614,0.190100619,0.002072192
1872,630.9872113,3052.630402,737.1721461,217.4426061,72.87898131,8.933641932,7.86E-08,344.3627583,-0.014568719,0.189542356,0.001109648
1873,670.4945618,2980.336733,767.1101765,221.3396965,73.47343635,9.381476458,7.86E-08,344.3627583,-0.022236407,0.086502143,0.001140861
1874,628.6878806,3178.136681,803.1882708,225.7755308,73.67681042,9.226857474,7.86E-08,344.3627583,-0.031253545,0.042772817,0.002239386
1875,681.0757644,3262.558685,842.7568756,230.5176456,74.30498255,9.694620511,7.86E-08,344.3627583,-0.043242596,0.110180999,0.001278334
1876,690.6106948,3283.52678,883.1664073,235.3335473,74.73284326,9.896831021,7.86E-08,344.3627583,-0.054615423,0.124546828,0.002377891
1877,704.0615823,3181.590142,921.7672803,239.9907503,75.18882041,10.14480734,7.86E-08,344.3627583,-0.060473443,0.149857285,0.001417895
1878,709.6784962,3277.050396,955.9099409,244.2567709,75.59486752,10.24041246,7.86E-08,344.3627583,-0.065590435,0.177008995,0.002518532
1879,759.8253863,3270.290041,982.9448057,247.8991257,76.20027983,10.80788818,7.86E-08,344.3627583,-0.067829119,0.186535023,0.001559641
1880,858.0906786,3380.452694,1000.2223,250.68533,77.03436513,11.79613979,7.86E-08,344.3627583,-0.060278435,0.170523167,0.002661409
1881,888.001193,3377.219082,1010.946757,252.8965467,77.72599141,12.19926965,7.86E-08,344.3627583,-0.043640411,0.150214774,0.001703672
1882,937.926479,3556.780727,1020.275955,254.9853353,78.43123718,12.75856814,7.86E-08,344.3627583,-0.036027325,0.16773936,0.002806617
1883,997.5552498,3479.045796,1028.490414,256.9763137,79.19867145,13.42623809,7.86E-08,344.3627583,-0.039576458,-0.068578926,0.002916897
1884,1009.47098,3632.399612,1035.870709,258.8940993,79.68078832,13.61020761,7.86E-08,344.3627583,-0.029459478,-1.069827957,0.003027799
1885,1017.186044,3631.39197,1042.697367,260.7633069,80.1581498,13.70772085,7.86E-08,344.3627583,-0.025099114,-1.228540787,0.002072528
1886,1032.655801,3545.485986,1049.250953,262.6085531,80.68170089,13.83680081,7.86E-08,344.3627583,-0.040551494,-0.363632548,0.003177966
1887,1083.771723,3691.593946,1055.811996,264.4544456,81.407062,14.33826899,7.86E-08,344.3627583,-0.053827593,-0.055132428,0.003290808
1888,1200.850624,3566.564006,1062.661069,266.3256191,82.37968287,15.57546586,7.86E-08,344.3627583,-0.060871258,0.054993914,0.003404297
1889,1201.565247,3677.844225,1070.078712,268.2466822,82.87356235,15.64064434,7.86E-08,344.3627583,-0.063562359,0.160413106,0.003518501
1890,1306.644464,3950.493587,1109.513339,276.4304785,83.88439615,16.77346245,7.86E-08,344.3627583,-0.06254052,0.128060248,0.003633362
1891,1368.971449,4160.806606,1122.110765,279.9248252,84.62880881,17.5246168,7.86E-08,344.3627583,-0.048102178,-0.016006085,0.003749921
1892,1379.865248,4101.997007,1135.23674,283.5810195,85.1446461,17.83402273,7.86E-08,344.3627583,-0.024935308,-0.012341451,0.003873273
1893,1362.570598,4288.86863,1148.72833,287.3929099,85.45651364,17.68825515,7.86E-08,344.3627583,-0.006253606,0.132023229,0.003994226
1894,1411.590509,4304.340501,1162.422639,291.3543487,86.22365617,18.29782777,7.86E-08,344.3627583,0.011866474,0.189629301,0.004117518
1895,1495.299836,4309.662678,1176.156735,295.4591852,87.11804754,19.28209271,7.86E-08,344.3627583,0.012396894,0.192967022,0.005308853
1896,1544.723884,4244.798072,1189.767731,299.7012706,87.77765833,19.94219406,7.86E-08,344.3627583,-0.009779339,0.193137253,0.004441306
1897,1617.558781,4404.536668,1203.092696,304.0744564,88.61299377,20.81971562,7.86E-08,344.3627583,-0.030808929,0.193203937,0.004568301
1898,1706.030469,4357.113414,1215.968733,308.5725928,89.49307568,21.9119023,7.86E-08,344.3627583,-0.042883782,0.193234397,0.005763372
1899,1863.211389,4447.791953,1228.232918,313.1895282,90.70370397,23.72663082,7.86E-08,344.3627583,-0.051323699,0.193248211,0.00489964
1900,1961.570755,4506.280939,1239.722346,317.9191059,91.72770136,24.87438272,7.86E-08,344.3627581,-0.058562371,0.193250858,0.006097325
1901,2024.046376,4532.946786,1251.747163,323.0160526,92.5463635,25.84041614,7.86E-08,344.3627584,-0.06573864,0.193205681,0.005316028
1902,2074.884991,4627.40856,1265.481517,328.6469074,93.25538187,26.59388863,7.86E-08,344.362758,-0.06918637,0.141879562,0.034625238
1903,2262.138444,4597.124364,1280.558556,334.6732862,94.61411089,28.71075665,7.86E-08,344.3627585,-0.058952386,-0.309065017,0.041463889
1904,2287.602645,4679.265435,1296.611383,340.956803,95.25377828,29.19427838,7.86E-08,344.3627579,-0.033149016,-0.486518157,0.04596622
1905,2437.161497,4826.939819,1313.27314,347.3590697,96.27611622,30.93109666,7.86E-08,344.3627587,-0.023843267,-0.093362858,0.057009579
1906,2544.589534,4837.50173,1330.17695,353.7417004,97.54804115,32.79385836,7.86E-08,344.3627576,-0.019178692,0.126261777,0.075921307
1907,2900.442991,4748.728549,1346.955944,359.9663139,99.50860622,35.99443535,7.87E-08,344.362759,-0.013663885,0.118486024,0.102172266
1908,2785.800303,4839.031512,1363.243234,365.8945142,99.56394945,34.65807663,7.85E-08,344.3627571,-0.016097576,0.093902915,0.132195901
1909,2901.285584,4946.391091,1378.671921,371.3879213,100.703168,36.27266229,9.07E-08,344.3629216,-0.02046574,0.158775881,0.101446697
1910,3043.450048,4747.079681,1392.875253,376.3081532,101.784442,37.8356014,1.33E-07,344.3634948,-0.03510689,0.191683871,0.189707513
1911,3090.22418,4826.95814,1409.045315,380.8225148,102.640362,38.31006088,9.42E-06,344.4887511,-0.050309661,0.191494907,0.275698086
1912,3246.609518,4686.392206,1429.94121,385.1953098,103.568425,39.61405798,1.25E-05,344.5307575,-0.062727727,-0.028454412,0.276208268
1913,3516.676424,4514.735964,1454.546539,389.4336388,105.1476052,41.38288862,1.53E-05,344.5680914,-0.065403228,-0.278870069,0.35796287
1914,3189.916424,4596.593063,1481.845031,393.5446305,104.1740647,37.87483415,2.80E-05,344.7398177,-0.057797942,-0.144516624,0.401375972
1915,3140.404637,4571.328752,1510.820364,397.5353644,104.5315284,37.79470385,4.85E-05,345.015851,-0.031074139,0.092267992,0.433457538
1916,3392.111611,4522.842894,1540.455961,401.4129612,106.1063625,41.06312951,8.24E-05,345.4730188,0.004791609,0.176679648,0.501593748
1917,3548.283059,4545.560621,1569.73551,405.1845095,107.2832659,42.69777341,0.000121598,346.0009603,0.031343806,0.189702473,0.678667295
1918,3499.829086,4548.675148,1597.64263,408.8571298,106.9805221,42.15438806,0.000150067,346.3847464,0.043793073,0.19007975,0.776965321
1919,3033.963136,4481.447166,1623.161021,412.4379208,105.8259658,36.16404559,0.000176103,346.7357334,0.029362531,0.189868207,0.817246859
1920,3537.981581,4603.710673,1645.274183,415.933983,108.2967187,40.15457425,0.000191335,346.9410818,-0.002447063,0.189650404,0.799465915
1921,3106.31084,4839.150597,1666.313782,419.5362815,106.7286289,34.57325369,0.0002025,347.0880968,-0.027525005,0.189429409,0.860736133
1922,3254.595404,4802.765593,1688.883507,423.3874072,108.6380881,36.30825469,0.000227688,347.4178611,-0.045863494,0.138511344,0.567046359
1923,3690.84827,4907.935843,1712.37547,427.4219702,111.664604,39.62655373,0.000268036,347.946738,-0.056604497,0.104321205,0.747193034
1924,3702.928113,4921.502356,1736.181647,431.5745468,112.7708175,39.85932309,0.000306177,348.4416958,-0.054732427,0.154784522,1.073755864
1925,3740.786106,4918.64432,1759.694315,435.7797149,113.6947807,40.21502599,0.000352776,349.0475398,-0.040301885,0.188513476,1.208693676
1926,3677.557447,4930.507004,1782.305363,439.9720626,114.0501013,41.21489441,0.000411735,349.817983,-0.015574956,0.188276402,1.270372725
1927,4013.111087,4966.058414,1803.406889,444.0861891,116.8487051,43.66248595,0.000452486,350.3419513,0.01043122,0.188036075,1.393089234
1928,3996.474753,4940.189519,1822.390881,448.0566813,117.5296081,43.79911382,0.000509562,351.0861077,0.014510774,0.175591791,1.556654281
1929,4288.38634,4894.305207,1838.649606,451.8181064,119.7760408,46.7515009,0.000592977,352.186413,0.002763532,0.085863966,1.805898802
1930,3958.257422,5020.461873,1851.574975,455.3050745,119.9262225,43.26648555,0.000685684,353.4100931,-0.001105413,0.094185697,2.007718953
1931,3539.464719,5185.055467,1862.471322,460.2829222,119.4618105,38.54828459,0.000799539,355.0394623,-0.012111626,0.183413621,1.832146145
1932,3192.721766,5233.623768,1873.264865,468.2391647,119.3799759,34.29712742,0.000915791,357.265346,-0.031503155,0.114728952,1.667808934
1933,3362.820587,5297.581497,1884.280539,478.691639,121.0829196,36.22668313,0.001039641,359.8748073,-0.043242596,0.096456768,1.425701391
1934,3656.336368,5337.997066,1895.843283,491.158183,123.6107728,39.82148673,0.001180176,362.6613374,-0.042852581,0.168251101,1.472714184
1935,3835.899024,5261.3797,1908.278024,505.156624,125.5473202,42.98381811,0.00135343,365.8391324,-0.025691936,0.185997411,1.663375845
1936,4208.102407,5300.787628,1921.909498,520.204798,128.5791738,45.97550304,0.00157718,369.5813085,0.016445246,0.185728026,2.112340299
1937,4496.898822,5368.51027,1937.062925,535.820525,131.010407,49.5264967,0.001817402,373.5431502,0.046920991,0.185455388,2.554082945
1938,4229.791753,5418.306062,1954.062949,551.521649,131.3690865,46.35375679,0.002053861,377.45476,0.043348457,0.185179497,3.068561957
1939,4470.317026,5357.380416,1973.23469,566.82599,133.5985452,49.32531031,0.002301944,381.5196885,0.036679206,0.184900324,3.43972141
1940,4884.862785,5458.565904,1994.902903,581.251403,136.1503662,54.48722518,0.002586912,386.0469132,0.025516987,0.184617872,4.011809404
1941,4999.296657,5738.534404,2062.003151,596.196551,138.1884775,56.42115812,0.0029283,391.3974707,0.007950727,0.18433221,4.213616097
1942,4982.727308,5769.478147,2205.229822,613.180722,139.6307383,57.5376352,0.003355677,397.7659994,-0.009139715,0.18404334,5.214885431
1943,5075.480239,5721.056411,2406.546479,631.902679,142.0914002,58.66208674,0.003866419,405.4674634,-0.027704412,0.183751235,6.44374727
1944,5162.697149,5698.631817,2647.916753,652.061153,143.8934386,57.23516951,0.004467131,414.8636967,-0.034436065,0.183455879,8.202081456
1945,4289.487666,5692.531008,2911.304296,673.354896,142.8049655,49.76613595,0.005041954,421.978764,-0.014147503,0.183157255,6.865012085
1946,4608.734991,5647.782582,3178.672662,695.482662,146.6163853,49.12811752,0.005864509,428.5405639,0.012069282,0.182855362,4.306039556
1947,5165.416194,5636.551964,3431.985501,718.143201,151.0394182,54.6218174,0.006726054,435.2149678,0.043340656,0.182550206,4.589586939
1948,5448.106996,5550.517735,3653.206357,741.035257,153.223486,57.17721631,0.00765302,442.7246723,0.073871003,0.182241808,5.50550801
1949,5204.247615,5476.419472,3824.298861,763.857561,155.1430173,54.39371238,0.008612542,450.6358659,0.074144013,0.18193015,5.850715998
1950,5930.485755,6207.307366,3927.226596,786.308896,158.7496565,58.18241194,0.009593237,458.8462869,0.049807099,0.181615233,5.877733884
1951,6381.689135,6560.073356,3992.180566,815.053166,163.6079522,61.84057393,0.01062934,466.7651808,0.010735432,0.181297041,6.360698362
1952,6467.724247,6478.344502,4061.572569,855.701069,167.0944917,63.56779822,0.011648856,473.012747,-0.012517242,0.180975565,7.385212056
1953,6651.156538,6589.34991,4135.697322,906.371522,171.0706146,64.58411723,0.012799376,480.2717172,-0.020052325,0.180650843,7.926052695
1954,6789.806027,6980.745196,4214.849794,965.183394,175.5224661,66.26083226,0.014117755,488.8004502,-0.026503167,0.180322861,8.613122362
1955,7444.199458,7123.51878,4299.32458,1030.25558,183.4526708,72.04890039,0.015620877,498.346354,-0.012774651,0.179991608,9.099432803
1956,7926.335848,7219.794307,4389.41647,1099.70697,189.1355576,76.9039541,0.017346178,508.4071354,0.030945991,0.179657088,9.567012591
1957,8185.978703,7323.865313,4485.42037,1171.65647,194.746997,79.33642902,0.019310378,519.4550152,0.088987971,0.179319264,9.92517671
1958,8417.531185,7191.607838,4587.63094,1244.22294,198.9569964,81.41273202,0.021403454,531.0055076,0.120664961,0.178978137,10.10202921
1959,8855.050359,7744.005851,4696.34299,1315.52529,207.2258473,85.26128805,0.023588094,542.9028499,0.108535505,0.178633755,10.51032117
1960,9387.393335,6706.28208,4811.85131,1383.68241,213.0896324,90.29510154,0.026069795,556.0057562,0.081850703,0.178286111,11.27001113
1961,9415.426207,6820.805072,5081.22149,1456.77049,215.3226741,91.48067679,0.028963872,570.3610952,0.046952192,0.176477028,12.26391491
1962,9747.684788,6330.95409,5252.79899,1542.02019,218.9851645,94.33745601,0.032291861,586.1703429,0.006195661,0.096860535,13.22905305
1963,10267.19103,6161.532979,5423.21585,1636.28205,224.3528439,97.52343774,0.036173692,603.8038874,-0.016300384,-0.348467747,14.40186336
1964,10824.90766,5859.066601,5615.42603,1736.40663,228.9938798,102.4792329,0.040672229,622.9262082,-0.024771502,-0.668057184,15.26303125
1965,11311.06184,5625.330507,5832.52375,1839.24445,235.0380085,105.3524941,0.045771344,643.4398245,-0.025957146,-0.456514858,16.14722333
1966,11863.13024,5223.043537,6073.9688,1941.6462,243.3884011,108.1803218,0.051455398,666.1487688,-0.011643609,-0.087909834,17.19194961
1967,12237.86848,5401.075399,6288.74275,2040.46225,246.7503485,108.8423912,0.057817164,691.720992,0.017030268,0.020286103,18.49037585
1968,12905.80952,5332.619926,6484.18647,2132.54327,250.95509,113.8539587,0.064961729,719.9353091,0.041257978,-0.037608227,20.5923189
1969,13762.34668,5836.211469,6632.63622,2214.73982,258.4517623,118.5295244,0.072950182,750.8848346,0.051117548,0.037990106,22.06952073
1970,14899.73222,5694.335601,6708.24835,2089.80835,265.150377,126.1728959,0.081759831,783.7203282,0.053574641,0.076884649,23.82409396
1971,15504.48717,5118.303824,6666.95216,2113.33996,265.6554201,126.5544422,0.091286866,818.4149741,0.040204939,0.023388334,26.06191981
1972,16225.2585,5390.779139,6888.62027,2172.96267,270.7353482,129.9885059,0.101666412,857.1145249,0.024978767,0.008493122,28.52808671
1973,17085.78985,5244.295604,7100.45121,2300.68411,278.6639572,136.2815484,0.113247644,901.5234369,0.009705793,0.102174242,30.92706789
1974,17011.76562,5138.612373,7157.30176,2362.73836,278.857815,134.4548639,0.126061201,951.1534682,-0.011737212,0.129009746,33.87361065
1975,17053.44826,5059.540027,7361.28663,2333.70243,279.9258485,132.7797699,0.139078218,1000.877707,-0.018640472,-0.051089178,37.32001062
1976,17989.8459,5084.38296,7552.94914,2419.01324,284.6181625,138.6525569,0.151832491,1051.479831,-0.020808953,-0.081086543,38.0956304
1977,18499.38884,5513.995325,7717.9156,2447.1697,288.0913049,139.5412812,0.164507864,1106.611916,-0.008078875,0.085624972,41.37692158
1978,19070.06844,5413.277017,7867.28334,2516.13484,290.4573009,140.3640051,0.176879263,1165.767221,0.030033357,0.139558781,45.50597558
1979,19609.82021,4686.941828,8075.61379,2510.03909,295.1977395,143.0470355,0.1883208,1219.691405,0.072490351,0.148987489,54.34532236
1980,19489.31941,4967.734762,8122.39082,2419.18602,293.4718895,142.3313503,0.199678104,1268.482099,0.088067536,0.128250794,70.55821054
1981,19023.68079,4830.136789,7943.70475,2365.14555,287.7266011,137.8381565,0.210789102,1315.114917,0.08551684,0.092463716,64.43870611
1982,18871.86772,4543.884273,8136.80772,2384.75432,286.9542926,134.7064618,0.221789427,1358.392294,0.065119074,-0.040339283,59.51688986
1983,18992.68517,4785.150194,8271.52479,2480.71899,286.7036287,132.6631679,0.232852868,1401.703654,0.042537226,-0.417005183,65.73499544
1984,19648.60292,5639.309237,8311.27172,2472.50712,290.2533793,133.8927962,0.243959521,1446.948939,0.016133235,-0.453251181,65.60373083
1985,20312.73021,5291.178396,8296.57424,2387.71684,291.4840806,134.4065374,0.25640629,1495.211447,-0.017969646,-0.120311768,75.26634192
1986,20615.80414,5527.406112,8343.25208,2377.21238,296.2862801,133.6013717,0.27001319,1545.144105,-0.02552033,-0.005931141,78.65067622
1987,21250.94146,5340.021508,8513.23914,2425.88014,297.9188724,136.2332386,0.284296109,1598.417096,-0.019022686,0.031011587,76.92321841
1988,22086.03094,5171.195822,8480.33349,2402.87229,303.3881887,137.3416115,0.299583076,1655.952962,0.008925764,0.086208845,84.02610254
1989,22387.5507,4953.545343,8587.23138,2382.12148,307.9038385,136.9834493,0.313045968,1706.695971,0.062365571,0.126431698,88.59689716
1990,22729.91549,4976.803532,8657.26958,2239.57768,307.6326559,137.5302186,0.324470691,1752.667564,0.087576118,0.141705387,91.62189052
1991,23187.04728,4970.189742,8588.17366,2271.89926,306.0621543,134.9720255,0.333526296,1786.469491,0.081000471,-0.137011633,96.83153976
1992,22529.09103,5258.219371,8649.90251,2305.00431,303.3453443,130.4407863,0.341249961,1813.565888,0.069760249,-1.049197663,95.03203257
1993,22756.71527,4974.06458,8599.32715,2302.49915,303.6960621,128.4233875,0.345642292,1819.16713,0.034947541,-1.250330576,104.2414777
1994,22993.88486,5889.616447,8733.84968,2371.30368,305.5272436,125.3285507,0.349052094,1811.322935,-0.004272332,-0.449234706,114.213542
1995,23533.04296,5432.623726,8965.62234,2478.98734,309.4658736,122.8549477,0.351989546,1792.757657,-0.021869793,0.001961356,130.6803
1996,24259.15702,6012.786832,8987.00331,2547.37211,315.246537,119.5230503,0.354407207,1771.537009,-0.030777727,0.115499973,150.0089037
1997,24402.90114,7406.867458,8918.08329,2505.84279,315.5014388,119.2535782,0.355903002,1750.14763,-0.028671648,0.156297357,168.4890834
1998,24304.76875,6144.714533,9073.85927,2493.96237,313.7942115,116.0231461,0.357234524,1746.830723,0.002981941,0.168997536,190.2452109
1999,24854.74155,6003.159279,9054.57973,2451.13203,314.2220241,110.5224987,0.358305966,1717.17732,0.043683869,0.172167216,207.6093961
2000,25511.59346,5297.434931,8943.30316,2436.10386,318.7762917,109.8438536,0.3592521,1697.988512,0.073488789,0.173912134,222.4172104
2001,25707.34209,4765.43707,9038.85598,2406.63728,320.4295321,110.5305909,0.359965754,1664.474598,0.080758662,0.172712727,234.4284726
2002,26277.94065,5128.325273,9199.14826,2393.65896,319.2830924,109.4079667,0.360382565,1641.202336,0.078122163,0.173682647,254.6347091
2003,27670.61852,6075.929287,9353.8975,2462.6177,327.9592186,113.7715045,0.360441534,1623.499312,0.05008011,0.17083615,277.9643966
2004,28633.67394,5404.208247,9681.15118,2577.89498,336.2723564,119.139555,0.360246506,1607.419893,0.006000654,0.168526666,303.5459871
2005,29615.60217,4891.181519,9757.24163,2640.36363,341.6899166,125.0079303,0.360253895,1600.849374,-0.020621746,0.160855571,327.6830555
2006,30629.64554,5332.363436,9854.01414,2671.91014,346.3136797,125.6625357,0.360134143,1581.519084,-0.036854156,0.137180983,347.7648165
2007,31535.93043,4594.770148,10193.22333,2789.46263,347.6549717,124.4264303,0.360227733,1569.850927,-0.045613885,0.122986751,367.3013463
2008,32075.50697,4880.509684,10006.4873,2697.2314,351.5986252,120.8897118,0.360403722,1552.914816,-0.052610747,0.127348212,384.3454271
2009,31543.20864,5274.195063,9886.32192,2557.42352,349.6625877,111.4432902,0.360282244,1533.387201,-0.053882195,0.119980623,395.7493552
2010,33357.26414,5488.13559,10235.19041,2651.30421,355.3099406,107.7340653,0.360192089,1520.46726,-0.04283698,0.122335884,421.212425
2011,34505.94567,5278.482118,10487.77715,2737.92635,360.7196195,111.0816089,0.359882534,1507.155427,-0.014576519,0.123522234,455.9784546
2012,35001.44811,5652.1246,10628.81985,2820.57165,366.3291791,108.0310017,0.3592646,1496.472589,0.009791596,0.123866047,471.438739
2013,35303.09592,5116.361825,10505.37011,2834.70171,366.4378928,103.4464844,0.358790469,1483.316635,0.021109821,0.148173362,503.3135063
2014,35451.54087,5396.412769,10635.86201,2858.80531,367.9729459,98.70851783,0.35812801,1470.044697,0.030189362,0.148724953,531.4004393
2015,35406.34125,5531.812252,10679.23656,2852.93216,368.6539679,93.27982715,0.357215507,1461.525311,0.020181587,0.132789445,571.3088358
2016,35418.10084,4406.432866,10732.21971,2859.19241,369.4703458,89.87608483,0.356281838,1460.44212,-0.013163835,0.118811609,606.188815
2017,35991.36602,4231.194917,10941.87354,2893.39294,372.3186824,86.89793816,0.355325998,1444.710496,-0.036495772,0.104833773,649.8984271
2018,36731.92492,3844.874479,10876.61893,2936.29083,376.6568677,85.30215925,0.354275376,1433.538161,-0.043435936,0.090855936,681.8664387
2019,37105.79147,3786.898474,10902.14752,2956.93522,377.1828932,83.47846594,0.352630884,1418.886,-0.045789081,0.0768781,714.9996744
2020,35127.95905,3439.134048,11029.91513,2919.05093,372.2292557,71.60664661,0.350342992,1414.1215,-0.043539621,0.062900264,705.6151085
2021,36993.24528,3552.92421,11130.50223,3043.84343,375.1168372,74.4032923,0.348039773,1400.5053,-0.022674564,0.048922427,772.7007509
2022,37295.35774,3541.180611,11251.03226,3046.71336,378.4295028,75.51027508,0.345645143,1388.3156,0.015506283,0.034944591,801.1690873
