shape Sulfur,beta
0.00561162685632079,-3.4545629890881178
0.0321518506253123,-0.7860829904718452
0.03162680986723486,-0.4017353770731319
0.031479956866147754,-1.2905895665700235
0.0029701257520396013,-4.391074050491524
0.009124783313119925,-2.111546680674172
0.009942674960164793,-2.031021720207867
0.008945257777523162,-0.8525081582242917
0.008036188344046648,-2.7536294271171835
0.0008979529007443823,-18.07773221681627
0.03866842768549292,-0.6865353099533325
0.01730727790859595,-1.0735669292948042
0.025292631890988404,-1.082913205034577
0.0065724878981203985,-2.3063642908372977
0.023064731378072294,-0.5519074220638183
0.013935833643285586,-0.20981717018968057
0.03312793341381302,-0.029405684667868942
0.0009462895067879149,-15.949236898952782
0.015157934842589635,-1.5775891254591683
0.02386060008018527,-0.1880918908365228
0.005244893347175435,-0.2022600519826393
0.014695369745333227,-1.5267726904624677
0.0006916345327455001,-2.0307291931182783
0.006137414930754383,-3.668033859083582
0.004249448142214536,-3.8399271374361037
0.018384719952559483,-1.5465281609844919
0.006753527285694379,-1.4734652123500314
0.004967755581221948,-3.3508690653792352
0.013099072331175646,-0.383023213447351
0.012603511970843626,-0.16811198617161952
0.03266529536273167,-1.0250623094837699
0.027669180754072636,-1.2833553940629885
0.015498135685777311,-0.36717965655943197
0.01569698187712924,-0.09611569615351344
0.010659088953188706,-1.1476493655817743
0.006066548997889108,-0.8212416037768082
0.021647531809895138,-0.2065734625385575
0.025954770063902823,-0.3731123468109006
0.0028597589494601225,-5.1276148986129675
0.020712640568325592,-1.6275586689648178
0.019731499595035045,-0.43577175197101775
0.00540856786014658,-0.03123263143822003
0.004895335380704044,-0.13470631067496097
0.023890297530237817,-0.828542706204848
0.02158853056672294,-0.37687201122184827
0.0029816833671684126,-5.125929187785466
0.02496440503345041,-1.1763144037106588
0.017745864352628316,-0.026642853149615366
0.005970846712633434,-1.9642832179309793
0.004905852573885573,-3.644975504835756
0.0035023109905741546,-4.260233701539709
5.731958175809971e-05,-232.96225973856625
0.03697977375386295,-0.3283961222238279
0.011199897549901562,-0.9553314331720918
0.013382298466836837,-1.799104180255141
0.043212648628115795,-0.3187106151574719
0.022064356277269923,-0.8891170659172335
0.03768107156885109,-0.3248115258154289
0.018786394276017075,-0.5343611458389003
0.0026119115129893166,-2.3758634859117085
0.011213747089306577,-2.120987148119463
0.003935927897029681,-0.005678136327531799
0.013643517768625478,-1.7054584496453118
0.029389564827038184,-0.06664293617508954
0.004452335821501307,-2.796230186359271
0.014533142867435825,-0.2778212580556604
0.007223287769357842,-1.095062294571176
0.037058843664768554,-1.003709047444219
0.0059376399035244234,-2.293911052458452
0.002578915425733854,-5.2736536058751335
0.012392804825960942,-1.715737020942757
0.00439634784865062,-2.9604921729032165
0.01088555593293733,-1.532329303620757
0.03059911521864934,-0.924948939494935
0.017230528419470308,-0.8567895634165292
0.0019385081106333222,-3.2642466219841295
0.002273995814879713,-1.1383187772558807
0.008359713548819772,-1.8243940488771007
0.03621091296711179,-1.1969896833241858
0.009489373435157105,-2.1502139205240263
0.03530453598793483,-0.38677094641152976
0.017050499896913478,-1.3413949951614437
0.006772403075317981,-3.472227121218113
0.007948008931593479,-1.143122973969145
0.03586734871951672,-0.9655170465717187
0.0031479162644903295,-0.21303099695971395
0.014756125633489098,-1.2253799759599018
0.0040154007975949264,-4.838983431775832
0.0038830616597651194,-0.10315842508108543
0.03004837408860429,-0.7956020178337478
0.010803406964884387,-0.7671427178545676
0.004473275647425513,-2.2454773975373468
0.045071069581666276,-0.6521927277387454
0.0121759326397016,-0.14084188463879163
0.002297464280435592,-8.085838987501957
0.010362509566949287,-1.9804959775853348
0.028253390574645404,-1.391015632207711
0.033483024308833,-0.41779079072892444
0.001957378014436918,-0.693068370953024
0.0007739666254390522,-19.232660796042822
0.012070748571059678,-0.8790794584200281
0.0007927676779120617,-16.607913545039366
0.0034578986702372668,-3.234928926832048
0.025963509369570224,-0.4227548353296033
0.016839954664753687,-1.8840361782769357
0.009397321189589775,-1.7353008011057276
0.023252374539875192,-1.1840470636819596
9.444594746495108e-05,-4.0142520562535715
0.018840920810525102,-1.4090498671447358
0.02713499137107177,-0.779094319445561
0.03870824663470616,-1.0988670182165985
0.015853241300012567,-0.17446868687458394
0.0010642869029432282,-14.911621569170501
0.0016337596911849836,-8.28245880720185
0.007175237532599611,-0.2260324362528441
0.0029412028227860975,-5.503772167979898
0.010218329732338126,-1.5664109296284952
0.018507519743411974,-1.1805367245834033
0.016454779593108534,-1.250871527624416
0.00863398240222104,-2.298220040037543
0.006150497537020004,-2.8905223801808897
0.00582208705052825,-1.344310662861958
0.005187666333969814,-0.9030973391428164
0.02593235294822802,-1.3718276036601142
0.0035238362083329236,-4.5886420196759685
0.03018960083985677,-0.8412735693333636
0.0037897752275015085,-2.4353564704194257
0.0007887542201244894,-18.58785261383367
0.0006041450307853434,-23.064576011699515
0.02230836810975774,-0.13608244802297303
0.002015421384429812,-3.0571694235984577
0.023788601024879317,-1.1137253123656876
0.0059236877985086095,-0.8757624010472222
0.004155025439773037,-4.791427153508163
0.010559068533930453,-1.5296850637632655
0.019275817509570373,-1.6390472098049664
0.009798202168649487,-0.5847432355069809
0.014623505654775777,-1.341719186425186
0.010880622868562489,-0.8533143605549638
0.029769665617801193,-0.5688953186727832
0.014726239145100828,-0.3960275654031143
0.015295498046658688,-0.22853345702122368
0.0392389741809593,-0.9089189076344847
0.008947353335089451,-0.8795807885648115
0.005683336864797769,-2.82160836492242
0.017280819402362698,-1.0350255662482504
0.02298730566444042,-0.5072334687723334
0.011887670836918803,-0.457353246222157
0.0089598497428227,-1.0683074316654193
0.0037387992688315227,-1.84589177532038
0.00433874677387398,-1.226666810593357
0.027852777543051786,-0.24581111054230684
0.009670454686621935,-0.9640900354429132
0.0047679309330813605,-2.021571019574202
0.02345397751025922,-0.42229797173889116
0.012491481753376655,-1.655473328807192
0.014441925803630363,-1.7367670118754939
0.0025368048261888033,-2.357647427795364
0.020938341648855177,-1.3651684577291767
0.006578597496168834,-0.8325825093219739
0.02119361208005085,-1.2195154170527482
0.025405443017365557,-1.3051338728763515
0.021958136395013088,-0.3544230995462821
0.00232487544550195,-4.548721913149809
0.006666643496180829,-0.20612196598190347
0.019029848352873413,-1.5624357295334934
0.008829670156263174,-0.6260067888126998
0.022584779582655506,-1.2607788727140259
0.0031281370591665376,-4.3016031715107514
0.013437368395822064,-1.1946033318699456
0.007123831409561843,-1.825268185018694
0.009482368375871091,-0.11063620808452374
0.005723942479063622,-2.0425805443504528
0.027420963378580392,-0.2872078014767665
0.02039110469587342,-0.4967770293935658
0.029249432961032537,-1.295104589652366
0.0020687814508577197,-6.686321722252833
0.027569216624871926,-0.5909593480430425
0.014812337995507756,-1.29915610846308
0.02322864039972998,-0.973601448380417
0.022038757661850907,-0.26367933404402905
0.004175740383541137,-0.13484488732494013
0.004261123069180088,-1.3444889291737747
0.0077829494911039205,-2.585199430988122
0.013681574219830808,-1.4644076296118158
0.013693827193697234,-0.6963009257861128
0.012356514130664303,-0.8189136607233924
0.004833366400897489,-1.2413872265958963
0.010435651258485938,-1.1442191654191505
0.024315484361742305,-0.3570082710400743
0.02131778976157317,-1.3679676306527337
0.04246450930787031,-0.532481866030398
0.013119213563696896,-0.31875709165319743
0.006943286127612798,-3.1364669060120396
0.0014743980174005671,-11.429592010265639
0.0036110173987440224,-2.9288616642152694
0.034409991943874806,-1.1212894944754548
0.019505514208263595,-0.9097739568407378
0.028662978630750034,-1.0885087757911092
0.036347375612088714,-0.5023162034331682
0.008654230095877423,-1.9898538358011328
0.0429168714489488,-0.6626633146031428
0.008517839477024246,-1.9955979194021018
0.005726132779951303,-2.2706703278885203
0.0013670233770170003,-0.294005204362083
0.0009973413579889966,-13.751654570569974
0.016895768377596362,-0.3310271482171978
0.037537588663962146,-0.8196608534169922
0.010543276911673529,-1.2379228726859521
0.0023836120095999847,-4.523722026297808
0.03850468566169556,-0.5251790294601687
0.027531541573778753,-1.115482449932507
0.023183195495257894,-1.1468861722610515
0.0036915819243857253,-4.094010069942115
0.017683410641164743,-1.6132928872595689
0.022193949145341667,-0.23998921789411432
0.012128335650291817,-1.6993595976589875
0.024390776836108727,-0.4747256752142464
0.0013540008725224,-2.7176534432538526
0.014391673592043682,-1.6148117964870439
0.002591496051632196,-5.3510742394255955
0.00955186685898797,-1.608251247320653
0.0030473556473903296,-2.9058679264804335
0.027410202573207334,-0.5347068672066034
0.0023775258157912992,-3.152405453652374
0.01787389055219839,-0.7453047642012598
0.009394475116421622,-2.232377871686805
0.005130231446554172,-1.8320754375842576
0.02349731858883147,-0.8727223223892799
0.019978272842902912,-0.7023969349000282
0.024230174923341438,-1.0225782594329225
0.010883502629310482,-1.3072311942108907
0.03376566979188501,-0.8401594904669005
0.001954249191046137,-4.128611290055473
0.005785393177216908,-2.8819178500844105
0.012837268653928828,-1.5792957977389648
0.02085900499024898,-0.519542467206992
0.01146788504739342,-2.3009010501641245
0.04057847396976464,-0.8931596826891911
0.03788755908709412,-1.148536511050928
0.00603283464102542,-2.9620821991634068
0.020238730404717943,-1.5193441557043612
0.026878060580145476,-0.049985906393436794
0.021796435094342696,-1.3937931240631953
0.03490580304254725,-0.42870197837203056
0.00209309955468725,-3.1173621606366035
0.0330527047236416,-1.199226770320482
0.021238706152172288,-0.3049444146784159
0.026937872351555685,-0.13357734462261597
0.02349225753427542,-1.526131386730621
0.023750788922677183,-1.2592478373035032
0.028219463092983687,-1.3925864087300668
0.0075436175571291265,-1.104911909708192
0.005622020083776068,-0.6631100028262884
0.012600275800357923,-1.4595739291302237
0.004165952482388959,-2.8414524755266557
0.007755649036764105,-1.9546662459988906
0.02030586024546082,-0.9608200721854153
0.027880709775789624,-0.9736828424811221
0.003276701540196699,-4.447245765131395
0.0006562386246379198,-16.144862724673565
0.016832625227439897,-0.6854597950596143
0.0319300650363392,-0.031879014953663465
0.0039207895185290635,-4.79855889114203
0.013964338069006025,-1.0222090984915644
0.01346110532638628,-1.6421930887749798
0.007108275359431596,-0.9661096166126012
0.012190333137651086,-0.29213515658598227
0.005905228114259314,-2.628764971674323
0.010151918972337698,-0.05453885526350091
0.014881414732158996,-0.29599373048892536
0.02734523469937105,-0.3248136529688136
0.0008906841074551679,-13.438718705964957
0.006654700133897176,-1.566181858028447
0.006637671819538206,-2.813115812782599
0.02924773230814518,-0.3732215280007136
0.025473911696744483,-1.2450395064927975
0.0009351214468511625,-16.478664311332498
0.0017265369328760246,-9.89467558939574
0.009568894559907467,-1.6629284815849614
0.038917319095577316,-0.7849398646682992
0.023318168853406103,-0.624675661998252
0.022153240929403586,-1.0557056571097407
0.0005803460238303155,-21.468115073861195
0.019813038398578467,-0.040852670975765004
0.03685462446404968,-0.6128358269764903
0.00801416311616697,-0.2195376659513796
0.022986542764278903,-0.27547497269966537
0.0281986574226582,-0.465424423685721
0.007382135774398442,-0.4839763159748704
0.007967944039114635,-1.488736352135342
0.0014472017683781059,-2.566257066763662
0.00864818024512962,-0.8255006873038366
0.01304617129249563,-0.8568820844723033
0.010181125877122497,-1.8261298199036384
0.00764941398886624,-2.3202423975598596
0.026090135674281378,-0.4688507490479548
0.003175311293758336,-5.127441895490149
0.0006884544436440658,-17.70183752407135
0.02631942851432759,-0.33670264773280656
0.016652620409133075,-0.5483275222109277
0.0025530679113147767,-2.4324908902921947
0.011659096251784445,-2.2878666734072732
0.011907975139378189,-1.098443006451962
0.0018067125514079118,-0.3745306581897947
0.014740808911438006,-0.22469868504886964
0.021512053300133054,-0.5829852344441107
0.01214635433657302,-1.3243798758050804
0.004663460814678562,-1.0023140574215743
0.027235607968495362,-0.46032805898455464
0.012509494216136065,-0.8997004997529826
0.010810521229678589,-1.0667058865247194
0.004821153578419732,-1.7303031164198746
0.0013404716813240182,-0.368575595961862
7.395338512199617e-05,-114.94363595812162
0.012299880163820796,-0.05689380936913396
0.0031396770305226838,-0.9593144966548874
0.014380059763733816,-1.0686548013666892
0.00032514248368536915,-48.43114881900264
0.004296086342141527,-1.958663056970594
0.0033294669436718014,-1.8648544797326383
0.004122158540601567,-3.8822773764813583
0.02012902047369974,-0.11721602756849407
0.028877133165516558,-0.976333071418468
0.02886396614993114,-0.23778709537815135
0.03530269616725372,-0.021927095885414
0.03877897725590281,-1.1535494687970158
0.0008835582103162409,-6.717288665765823
0.0206472798181684,-1.551382544433499
0.03663124318493927,-0.16083594244031507
0.03187889603237984,-0.7540303053174969
0.041667467305516404,-1.1634529091297505
0.0013134546230098914,-10.679738518341342
0.04144189530211665,-0.1922176182025016
0.024053929205787625,-0.6351595352588982
0.01162349237795315,-0.4097299909729475
0.007887827082699904,-2.7927711650821383
0.013487333639083592,-1.1960756146661682
0.009225310255891326,-1.5344750359892356
0.02372054721543133,-0.11162079041196121
0.024357812547106162,-0.9184671212488806
0.007906405452176758,-0.27228233498036764
0.011141439546866154,-2.394981640357661
0.010256609614692469,-1.687232965038969
0.0029678101590415937,-5.7346400006322655
0.030122631032539895,-0.23481523291717843
0.02921430341038423,-0.9919694523500825
0.009050072137755636,-2.43167999619343
0.018630567149826853,-1.6530016977356274
4.231548925144428e-07,-39393.396665471526
0.013915324439022835,-0.2318305969672357
0.0051986875452129854,-2.75898660114593
0.024139796181624797,-1.3421396519058684
0.01871861775927123,-0.7156861310917805
0.016901750487195638,-1.5414340872653318
0.001444245044824725,-8.925279650747148
0.020007084399912316,-0.34401346842684083
0.0300269653159759,-1.1221557533977151
0.008633085994611232,-1.901658994712997
0.034599886195611544,-1.179622355897906
0.0013375248158266704,-1.4426068301685102
0.005481117586344915,-0.8353652849527162
0.0037725967072083,-0.659463954797947
0.010145074783543265,-0.6329261195664004
0.030603332100154715,-0.569931817747506
0.013902828120571855,-0.9825282092039432
0.0013144070718220542,-5.077668793349936
0.011491947579266965,-0.33706810995193887
4.011247662136057e-05,-414.8828454013199
0.0026321083374144325,-4.58849182949751
0.007312541416391211,-3.2593336472026277
0.024415883357516065,-0.7630877344648612
0.03174695291256432,-1.1827577796439612
0.02415415613522891,-0.38379684068332826
0.009598737087136178,-2.0799961422660473
0.024801101046728925,-0.9997167686002274
0.0024184539407851573,-3.476851080020253
0.020244128334391112,-0.33262510358413255
0.006331948007785733,-1.4725056968442012
0.014936713710360112,-1.4395820410192335
0.021874870607922866,-1.396110014267921
0.031211747845265817,-1.2596716661480796
0.021556738172143253,-0.9935257157988672
0.009792665354161366,-0.8077558172302144
0.020574520496797945,-0.15520227258650954
0.002327834425970697,-1.2929145917995342
0.003966963717078495,-1.501692773882651
0.03465733645059336,-0.9430104065975649
0.008531820159882703,-2.31961870617501
0.007108050648750165,-2.296199103778183
0.007947194351506781,-2.6036789326493954
0.002315271744122478,-5.004103925132596
0.009263274011464592,-2.4162413316833895
0.018191454628924315,-0.2615873406363324
0.028685885584698985,-0.66852134256806
0.024582172909426145,-0.5222643730546486
0.02978230349625867,-0.14872366610220986
0.003222209212872875,-0.421457712025391
0.03302419407495693,-0.7020361726006471
0.0034631848404527554,-3.525578642853222
0.024318729808875467,-1.1815187991781577
0.008781720768561017,-2.4454573866100784
0.025335434920897765,-0.807654707685088
0.008226112805817079,-0.6155866739069054
0.0022147278041194226,-2.1325994221363906
0.02448499084068545,-1.0707540659645387
0.014545007055427508,-1.3247307232457928
0.007829799615564816,-2.5452308032593747
0.02985753340304724,-0.8916457276168406
0.0028179212220974764,-2.717678706658698
0.015626391414556972,-1.759457159098355
0.031691463143517534,-0.5017617476980173
0.004762729621139478,-4.097681787330086
0.01817514179627521,-1.4995421379072102
0.0006051622724189522,-13.900659307099039
0.018239355737439615,-0.6461242792623941
0.022000777104901434,-0.6149652641939467
0.004643883706463967,-0.29370016955812195
0.033367973704861296,-1.2931968209038018
0.01666545725881331,-0.13528839985813446
0.007924625493056182,-0.9376428936749532
0.0016589465298329671,-3.8334422509711574
0.008551518874323266,-0.7405625313804253
0.00030562998653569235,-21.28445154858847
0.0299350232516636,-0.9931262239672938
0.0009671121840570188,-1.7007102511862577
0.026727965477355325,-0.34282725247348816
0.01120622824527548,-2.1255121075974204
0.030197378306535065,-0.13580744570454617
0.007176832319274877,-2.6238059478859523
0.03533032539068813,-0.8597109884200242
0.02409363444143185,-0.2077316830455041
0.015585859569071265,-1.9594073395110583
0.043925189199234535,-0.7042281689483897
0.002947034044385553,-3.683959732634483
0.001948543087345177,-4.430143746605253
0.010919326765853624,-2.123958692022283
0.017849110224073157,-0.020358360010507226
0.004360792432223197,-4.659721081787909
0.02465876847365979,-0.4526028789618111
0.006394090798139569,-3.4274914925973574
0.026090809558099254,-1.1748392331857875
0.008982908984236104,-1.3357814969117556
0.02567233516100078,-0.15112157506483442
0.02916799494253724,-1.3257463655750668
0.011216388795566749,-2.4015605493473027
0.006602513504678284,-2.104076719252463
0.008905496312604335,-1.3729523829177854
0.021683608519846517,-1.2617415583176135
0.010086688442939955,-2.0657565468405554
0.02720275244448271,-0.5836795512422338
0.0011503989729886852,-2.6964485210258307
0.0018274378563969218,-0.06148408277553107
0.030283309055000904,-0.9058964903026434
0.008885093595726892,-1.4826835922495911
0.004061792563042678,-3.71723429881785
0.0008599684979444624,-11.29918492034372
0.0016776419542207217,-2.1604917169283295
0.012227167358890949,-2.0587629101658216
0.01250839350750187,-1.9106030298647585
0.02085067162319674,-0.409486783408304
0.006902482321160754,-2.0385783479868014
0.010096676192080344,-0.788978069741721
0.014438781360364007,-0.592978894793475
0.011996004028802828,-1.8642755333787426
0.019586208593102138,-1.6884665324959767
0.020076495305723606,-1.2874072881179799
0.015078329723760917,-1.5873221321273139
0.012280077541579339,-1.7064457874156034
0.02579976749406883,-1.1302545172709348
0.02028473149610122,-0.2684942649880305
0.0021147254894957114,-4.9858373686242725
0.007264684225900497,-1.3354269708465767
0.007656776821279785,-2.371577574462508
0.012273012405889554,-0.5735876200439848
0.011241756118724123,-1.4082978271855702
0.027767363691373694,-0.07163896055712608
0.0015480221563490034,-11.17507098271365
0.019792392300232685,-1.611601822610286
0.005606197399524371,-0.27134660670931815
0.007450156649594297,-2.3350620459087827
0.036300801251924905,-0.6463963178657054
0.017892333976581926,-0.4010563357816568
0.012148138777672757,-0.06994954213007785
0.015837001012326983,-1.3993756442734002
0.0030164961194674962,-1.5971753174480716
0.0038669897436749835,-1.3349792645930385
0.03331492798080138,-0.28902332943920095
0.03848789957434539,-0.4040694107721566
0.026012674019097338,-1.2721534950519808
0.01543573957774681,-0.28161709160301496
0.005680288490538535,-2.858986971282043
0.009478721074866062,-0.05405383079015812
0.018082832577414693,-0.06522758173816146
0.0044091614422151,-3.9016245019928
0.0038551894218876405,-2.5318299130471127
0.003036198525302042,-4.041196498027998
0.008352843606729375,-1.6103817490255654
0.023740882871727764,-1.5443919083641096
0.003502497739434449,-4.356909709791459
0.006622789613063923,-2.0370236089939464
0.0022469337791627755,-0.26595589638052947
0.00747137432656006,-2.5729640707487187
0.01880633358916475,-0.6863510474974829
0.0031283292200709203,-2.9795111566977424
0.011177674251592856,-1.0608864075663933
0.0007273071100738153,-8.88371777951342
0.022690033833438712,-1.424478956880651
0.011361649121327977,-1.5170437317746468
0.005316681983581545,-0.19543161046312266
0.0372906484126615,-0.9902663373562343
0.005013625847772364,-1.8515383338195592
0.009208297012101229,-1.1307872552283862
0.012644349163396353,-0.45290275137080194
0.0012123412221398278,-11.572264821072912
0.02541532543278192,-1.4706510011387899
0.004796650385913518,-1.635857537718532
0.027853372624947092,-0.40781650268222736
0.018594632095751004,-1.0154699875917337
0.005573390947969258,-2.7404479897665923
0.0012462861004774416,-6.779936868444202
0.01099378111679386,-1.995712715365807
0.028077463343422294,-1.3163592870989214
0.006662060862703046,-1.8709063475319005
0.0073677468684358064,-1.9778964490982867
0.0034556096364538663,-2.282678462050644
0.027203165782617764,-0.09108779113456751
0.030372197799418042,-1.0190048789209394
0.006242789973551887,-1.637467628628502
0.038535218281202314,-0.24648853633770434
0.02421562179699208,-0.6137008748498195
0.025276230425271252,-1.261370909476398
0.030551918966454615,-0.8946579901419892
0.006895874851730615,-2.2182103482028372
0.012506029787649892,-0.6198043770980511
0.005788314371873149,-0.14698287908628474
0.03140697908642265,-0.0168000514604473
0.0245332129921806,-1.026400022642304
0.01204176745659507,-0.11473405494920928
0.027728535916512333,-0.9733402349072667
0.010018489728436306,-0.17609530293516082
0.01920718518968962,-0.11968710827197573
0.01172174417980599,-0.6659408029977532
0.026393940259539263,-0.3345207064775099
0.008126830554407785,-2.2703771158255743
0.026507664575369787,-1.4626478113069754
0.011316700985980525,-0.4938764543709588
0.008787460849729574,-1.4861234172261018
0.00560447097728136,-0.10412530449735843
0.004884860663420047,-2.3870168991269285
0.026829096378166356,-0.7838666201094902
0.01904281723372913,-1.0701089954676277
0.026890821855788307,-0.8031790945441948
0.016536381697005696,-1.2542901220477214
0.03567059638014892,-0.6538306955201313
0.021647168448717093,-0.6913610857482357
0.013630278805303445,-0.469176734168027
0.006781237834471074,-2.303676925265869
0.010664181352116983,-1.9328971209626389
0.017604703131867946,-1.3951754428843295
0.006114519019727774,-0.06223898470972909
0.020462092368037112,-1.441071954222298
0.02472843921790601,-0.8433836872443308
0.027672587544726613,-1.0244558390031977
0.01599435856897795,-1.8086631448532926
0.026943519451940935,-0.629023455525001
0.002608141489391153,-5.032472586282429
0.018444276972837015,-0.12222195893569857
0.008073182082491036,-1.2130479549636017
0.04339271554468162,-1.1425625301963445
0.0038787174159174314,-3.683782014154551
0.027442276286595985,-0.9820544852980587
0.03117559614067793,-1.0932761686895374
0.005440309720556393,-1.8950089789833016
0.0013244628849615834,-0.5300152675997227
0.04629993947081082,-0.24589738529437932
0.023447089541797254,-0.9428948034639111
0.010684554042921113,-0.7136107961025309
0.015958387597442548,-1.8680922388303602
0.024399006800707432,-0.0433097826828984
0.008844847111949595,-2.124011128786545
0.007105020152802879,-1.3681475066737228
0.004235404643800113,-2.2957602604550815
0.001266524349550175,-5.304149923495819
0.008305847584867323,-1.8779129219562247
0.0003170970348357333,-26.19572945581243
0.007752177503541857,-0.9293961149894124
0.02824080244582615,-1.1493266115984042
0.02524219860787567,-0.6455278102074955
0.012198865967512924,-1.9122175435267117
0.022532472489166018,-0.15612159606820888
0.0004887207711368052,-3.947415538250297
0.0020398676659131453,-4.823054545538523
0.015680219396884045,-0.1448504814150956
0.0017575856186267244,-7.129579134550958
0.028201907038763838,-0.4693190069377174
0.027866424264719743,-0.4838534547011718
0.008673560695098184,-0.935928398453351
0.0004155667722620998,-37.809063896908384
0.02140045988216066,-1.0998297059169253
0.008947910777184789,-0.27286655190226117
0.020714687270720542,-0.4503673269343983
0.0007549230357495714,-9.553223065408753
0.006450583218765545,-1.3982560155394201
0.010325546335945675,-0.7598570432050882
0.020652248996877627,-1.6113561429575005
0.002660772228590053,-0.34749463135437914
0.010288934992767352,-2.3928604637022626
0.008974328319717052,-1.2334534931516352
0.023232217627206748,-0.3103747854582953
0.009770318276368078,-1.7815848064481357
0.0004410497018368558,-12.90931416602818
0.03149187512252777,-1.056970412497699
0.03257830507977577,-0.12469553787944979
0.008424442666036754,-1.3712747984493772
0.004122520914002612,-5.053688307910174
0.02260046663258925,-0.039761177955211516
0.0011253489766093454,-7.034670974370974
0.0171816353642077,-0.9741433167803489
0.009765358554044128,-2.5167058810496443
0.02998305171242823,-0.5342120642057562
0.0071848580842269385,-0.09604745501233694
0.017729987058657835,-1.7231105764300951
0.006788662940484235,-1.835034384779714
0.0014563964300907352,-6.2327852471729885
0.016456972223345575,-0.19071194892391385
0.00488709968386224,-4.2048759428689975
0.023649009413390064,-0.1874721885503816
0.008805276948190386,-0.6103751323135668
0.030650108830971752,-0.7482199728869691
0.013858858975778902,-0.6723703798385257
0.0023879258241316713,-1.005286877176751
0.01898510710859015,-1.4901007563373405
0.00180535694822442,-8.932587154869164
0.029404316020095193,-1.0778182117622046
0.0028815136055835282,-2.219284796674772
0.02546707669563291,-1.4020421066939206
0.01413293272237351,-1.702571209809553
0.027752031108720317,-1.215573515013704
0.007384325881163123,-2.077023887407824
0.017783775472957012,-0.692011416021407
0.0033182402407089303,-0.9474113121097806
0.008810006983100534,-1.697311412266377
0.03335500737062088,-0.6043266381378071
0.0017502920035984398,-9.915086307437784
0.0003242950163354967,-30.51126070821747
0.004205204288817097,-2.754843611616756
0.029262295558919772,-0.6116275715113286
0.010147653926338165,-0.8938619961417502
0.009217700667511543,-1.790565096604913
0.004377932448110361,-0.1916814397435662
0.007639044935950576,-1.2754078416544512
0.007910470196346487,-2.683735613518903
0.0004798488637949758,-24.15004523440908
0.013056306862887659,-1.260667490900922
0.03180372437926429,-1.2911937946507606
0.025175966609115197,-0.44904001840213026
0.03355019104787333,-0.2251960187403739
0.03969558119971279,-0.7606736694804344
0.017424340468248305,-0.46408848197941505
0.019768828242619416,-0.6598173157606615
0.002715281305863457,-0.04647832343451728
0.011368694090446258,-0.6743542569119687
0.0016149949114474143,-2.353863390210182
0.01616565656970711,-0.4168815106874089
0.03763866028771213,-0.3398370025175226
0.009163429272291823,-1.5085498832315145
0.010823720250236289,-1.8288259579629518
0.035027381501071854,-0.5992985148160521
0.0034960149705262154,-2.8454123453215603
0.02372924854669585,-0.21014681346515124
0.014494279192862673,-0.1698967830336119
0.01982988623543279,-0.9606576897218604
0.003380677639150477,-1.5400768813035077
0.0020606753397200326,-9.162096250424723
0.01909810285237896,-1.5344949026286574
0.02018985794130228,-1.4994447229564316
0.0016257421477209526,-9.782314838220419
0.007215376353354008,-1.826397084716915
0.025993324325761194,-0.4166647146798689
0.0029009650495560525,-6.004374299604477
0.018583859776556126,-1.6013420136094842
0.0022000926599939153,-0.7948569399683397
0.04006980433454523,-0.5604249302467471
0.020002103973339052,-0.5335234876678808
0.03014013963973148,-0.3048704609377015
0.0058556326392148455,-0.05562217636914613
0.011474730419736817,-0.9491438225674518
0.03690092134788911,-0.32385600753691923
0.007621820033035749,-0.72972357397945
0.014972522969931826,-1.753686750474678
0.022599274027906534,-0.03056912169001666
0.0047930594459724045,-3.5668642639677524
0.031426828287910005,-1.2743653490204376
0.02098032501464938,-0.16110571027342283
0.001531220090281954,-0.21694029320554012
0.012351182187087176,-1.8718673133361903
0.032338192359992794,-0.7936232447184877
0.042112608598409165,-0.2367402039611726
0.007291368277942179,-2.4215011728625866
0.004418609214669453,-1.8795478190344677
0.014495121693763813,-0.4383189841833611
0.03465630232869289,-1.2654629986928763
0.009664041479164862,-1.374006313282186
0.01576734032336809,-1.946542695186954
0.00966967000135463,-0.42425195690768236
0.007276235636521915,-3.2264726415897798
0.04662478796943056,-1.04514769179623
0.0008139044091802702,-20.230366996335604
0.019976122037657744,-0.5262071545532142
0.016309506905561925,-0.004016764674352329
0.012443767438050108,-2.2221542676846457
0.017482826228134966,-0.17585897932571676
0.001028678008841113,-8.003162789669261
0.031106001027504864,-0.9697569776011434
0.0363325080972145,-0.7109043300776876
0.003260443926451126,-2.4820288058836697
0.02057055710424879,-0.40930944807987457
0.00839560760305071,-2.0266022919145548
0.00222658325199542,-2.67682854135562
0.0015165996630871236,-0.8703702497704398
0.01660074291661298,-1.150549250838987
0.009712354710534055,-1.4435489347891879
0.03619183535037158,-0.5041343308257047
0.022800488158565897,-0.6623197510978468
0.007839070040217553,-1.64988053430154
0.007736604375170181,-2.0744088088025183
0.03036595717354731,-1.2909933544186627
0.01654645051184114,-1.170323264689108
0.02413624580558095,-0.9357271652389242
0.04707571670739714,-0.9733426319241665
0.016558294357635277,-1.031140700404977
0.014616961815640091,-0.5634588107148106
0.0033282603950809744,-1.4093148309779717
0.0056522238602104875,-1.6080539989431926
0.01541930381167331,-1.7965466941123436
0.002188200029530394,-6.109563523427509
0.009132267423615125,-0.6173852882939098
0.012238108668190802,-0.16634993272874862
0.008440329604039029,-1.765931793299444
6.432240355334039e-05,-211.2430666172762
0.03394602960085904,-0.6853595540784795
0.024210585076854325,-1.0963526756510664
0.0036138602015551844,-1.89544016495063
0.006547354276960628,-1.0349000491853586
0.009347378239056901,-0.5700316542730556
0.018015134652815644,-0.7557810050668166
0.0410354002347462,-0.3702954088223415
0.041474222145114044,-0.900248177357591
0.025235028868822566,-1.2655372118423691
0.0065266191502648275,-0.1202945634789665
0.014280320874503859,-1.2207945235643531
0.009155759806157912,-2.4446271836759443
0.022899292568638215,-0.8458193252950743
0.019874480286551796,-1.1472563068009112
0.006574221993612196,-0.41894640121236226
0.012674606228965997,-0.966943814190964
0.003608164942481005,-2.1804211630011676
0.011751783951065096,-0.2520261206759588
0.002527332257476504,-1.2811639036645726
0.02465302732806669,-0.22646287698539241
0.008453859295525898,-0.8236042378460656
0.012627215417499605,-1.614605137589384
0.012411552726152398,-1.29847073749494
0.02072161652887799,-0.475580842159533
0.011508451699494637,-0.4195712151366704
0.0310276646536705,-1.2952032408312313
0.0322687420097699,-0.4372641281465411
0.016622026785629258,-1.048033682505213
0.0003569531411851593,-4.6733918367073395
0.026825122665441216,-1.2303431060963919
0.00981765375202221,-0.10267658443213423
0.006049849973333875,-2.6913888723357733
0.022617355915375885,-0.17359588549499202
0.02591376657942239,-1.3152985795172538
0.04123299218934363,-0.38425406734748796
0.022571694025851886,-0.7007914567952744
0.022469080569977914,-0.9020229538539353
0.021478506277496798,-0.49520929415774084
0.007747546345593584,-1.8004858072681187
0.013915538725140326,-0.627477948412517
0.012547326572080878,-1.3272006108476198
0.03151546935086743,-0.17776828950865853
0.01115651759637281,-2.284585939771447
0.014051787901214672,-0.5872940681173434
0.0036672192678573676,-2.5060826092888466
0.00600046864227264,-1.8057077085859283
0.01466625042951282,-0.09597376657457013
0.013417587806943151,-0.01271635513577451
0.020226917917149145,-0.5747454098129421
0.03381298272520534,-1.0487227464069515
0.013615944897135081,-0.9317481015095518
0.03910123814772885,-0.1279518426977831
0.029514192228462865,-1.3504701059052278
0.018296382075644307,-0.21221418245751597
0.03596842119495129,-1.1813647789280743
0.02470738401617895,-1.1546056499308144
0.025821186318182657,-0.07353517782187065
0.007844932871071691,-1.5740865771290373
0.0013949704624138266,-10.654106607607627
0.009165289903240083,-0.12626000289020708
0.003923902373835668,-0.3420595459080328
0.012958781714099024,-0.5484262899546369
0.011895331828416844,-1.2985258933775699
0.011315566297679897,-1.645585169110904
0.020494021548134744,-1.6229478716651882
0.014523782129803476,-0.8612534418252005
0.010971045895470502,-1.2363860993588995
0.005158209703403302,-3.7225497016483167
0.003977686465137055,-4.190922101446973
0.004183510875456825,-0.06102698898688708
0.01201956886910741,-0.6663695354075732
0.011877791993647486,-0.5186293787650835
0.01748102972024418,-1.8389676454993291
0.008472939189439397,-0.21853991498754277
0.00129759766751648,-6.345509027689461
0.008723994287609898,-0.31036832384363283
0.015783118811151887,-1.6816979382549404
0.0024682146531182668,-7.625090606856202
0.007953104440653707,-2.929386924970628
0.006161359972355032,-1.6127891101466223
0.009007068806833999,-2.5852704377452627
0.00507355166712027,-1.8822214040972551
0.014327589941182899,-1.166146080715464
0.02624596285081805,-1.260373612918107
0.027621556494065197,-1.2865361781002314
0.018834079683594376,-0.14731185744778488
0.008484047479775103,-0.1800109234695513
0.03271004180189748,-1.1322475468001765
0.027088273727696358,-1.1101829401686598
0.023272874064493076,-0.36797373715471504
0.028045794770445963,-0.6269045972998697
0.01636003761679042,-1.74935377663117
0.008266467559355405,-0.16666946817724307
0.00820402256764913,-1.6183413272484355
0.0009287915289752011,-2.88471736072269
0.026885676133189082,-0.35614944758820694
0.032133515357520195,-0.1147285982334099
0.03641859179012569,-0.2739444726601905
0.010180636329279213,-0.05981812319766043
0.032823920179207565,-1.0645845068967847
0.01749597912103687,-1.8286327784930616
0.023890869012726454,-0.18692205334778156
0.0009122733186892992,-14.40326059495273
0.003835159563516573,-2.474057660614285
0.0033806081212485154,-3.191970346173031
0.019042779601625058,-0.4020972044641721
0.023165721571882097,-0.5221970937242055
0.0013938905586995537,-5.8126993658200234
0.039310817114147155,-0.5430408749866797
0.02079092988469497,-1.6467021155260873
0.01716108145523477,-0.2687646754460405
0.0023672660435726115,-1.7432473739376642
0.002123257933360539,-8.659150570200616
0.0028607676872528815,-4.463889779428545
0.025422386337025538,-0.9985676408753817
0.00890895743957651,-1.8260590265409578
0.021486307948439646,-1.41773349769554
0.016234142297242356,-0.9592798880819753
0.025140367276880876,-0.9614079061931332
0.021479315152459676,-0.2930264980236063
0.015163546543818142,-0.7642406733060257
0.0066003632070620755,-1.255218790915891
0.008347813884048033,-2.644667951697006
0.009998068850498781,-0.19675781806385806
0.015449694014826378,-0.6922865418043219
0.01513746028181172,-1.9291774838501183
0.013148205590594512,-0.43810393093733063
0.025645497230156366,-0.7027841911838527
0.00012312419017694023,-24.062371021255284
0.005182781006600185,-3.046198061101406
0.008319271522800825,-0.2563461802325173
0.011382804141559948,-1.3210481850432867
0.00045964307880254357,-10.13605789049455
0.008420641223944259,-1.281724014225785
0.01716321446149709,-1.2946502873586332
0.010300196362910966,-1.551890529008958
0.025680776606802493,-0.5640481698964993
0.006134109438798816,-2.5440562631170947
0.009975226299319484,-2.196574167704481
0.0016192076118311427,-6.597898214798208
0.010167520942431832,-0.1271626691158472
0.0054059042642800115,-0.7500795223588248
0.0076583667601349435,-1.169073328230763
0.03229047912392069,-1.2661140146475098
0.03824856371609179,-1.074405878686708
0.005933686104564476,-2.3192791998663678
0.031483301680848126,-0.7391476364470367
0.012353898216590622,-0.28609126512124033
0.004213118822667009,-2.39871227185054
0.034498338355021106,-0.3182606774833226
0.0021846022580367767,-1.0980352563723896
0.020072499381017305,-0.5233206422238977
0.011961490849151333,-2.213341188655125
0.03570105261616177,-0.4599135715483116
0.024815211486041752,-0.0085698417369701
0.012566730447098617,-0.692741241634732
0.004857296355043303,-0.625233243133134
0.021700802969256246,-0.21826499880692618
0.009825339662921897,-0.35998161962429875
0.009909490790472668,-0.9292503026133393
0.03396903830080003,-0.7052417640235349
0.02521773911159265,-1.4062905121242109
0.03219961388227102,-0.04938290705644551
0.02018748455758303,-0.24719888651738753
0.017986630378001335,-0.26447743877961816
0.014031964527813799,-0.8138284691146677
0.015060999857101074,-1.0912272627923147
0.007726947920966419,-0.8603314753686918
0.029550326512406553,-0.5685950436029485
0.0033752267911966337,-5.2889064924830755
0.02766099223294256,-1.2002552797526325
0.0016183841961526445,-7.888579706711939
0.030488596854967166,-0.007396776828254673
0.019939928535955137,-0.09318062932642093
0.01317258921753427,-1.826394509761213
0.004876943277186315,-0.37848372056651547
0.019607833850011237,-0.9612181606703817
0.004832914361553189,-2.7989839876383544
0.03967023022774752,-0.8847182362123793
0.011516852078700318,-0.5378060249006698
0.012131510126491378,-1.154766778092523
0.003420970443230018,-1.7179109466367775
0.009455172834829903,-1.0291403670266734
0.005989225893243119,-3.461685686083994
0.0019807537432455138,-2.6823601982408474
0.0138034499395139,-1.197183150781591
0.0011612050160993677,-7.5088828817260085
0.04519155806562167,-0.8031665597652576
0.007022735518379396,-1.3593319132028288
0.007246755988377096,-0.06284109729009436
0.045826410833898316,-0.11949394289096424
0.002313738214974708,-1.825985383972994
0.02526385723536315,-1.0522283726400945
0.006185726127865082,-2.942015192803257
0.010737166758085335,-0.15665305348522773
0.009340230231005333,-2.598158963456085
0.02740837678562351,-1.2873045043392675
0.003367812029372054,-2.823377476382706
0.00950705305257083,-0.5374603770633976
0.013150858199455138,-0.06339510534012305
0.0001086043900878581,-16.53314670442797
0.014571476265531062,-1.9259545663584121
0.01015935056232997,-1.951298727703648
0.006704501517133304,-2.1861319856522985
0.0053812734856906585,-1.5103401985831184
0.030060791612064007,-1.1662699252524868
0.02157579764041341,-1.2057500899729903
0.03235968833937425,-0.7039148186702189
0.0020885778962616893,-7.133593686909402
0.04451319324551907,-0.7754627821222427
0.012527626341242437,-1.0751247569130744
0.009001567935698045,-2.679295194114796
0.012050637642727482,-0.22318364006371125
0.027269124599845575,-1.218775428581751
0.023829400162192312,-0.03381449702902332
0.01732702478189226,-0.8356777732262728
0.028325344373842702,-0.5053160205048249
0.024847057510319643,-0.7301505044618553
0.010825121522421044,-0.9766138167213214
0.028307225413946063,-0.18318752437504734
0.02264877141413605,-0.7946980556833145
0.024592817384283178,-0.8792091797129585
0.010873674114040272,-1.3204802525991546
0.000538039745031629,-2.550080052347737
0.008865107880920728,-1.469121528675558
0.03098876822690511,-0.9860575552385321
0.0108146324033681,-2.29871282176268
0.0188045439043643,-0.6906805148826959
0.006346815042479842,-2.5306450056875445
0.025890963792249946,-0.09658303100602059
0.021028088300908892,-1.4223093153042035
0.000317054601589799,-11.552361355544452
0.009361143235498635,-0.2293783916353971
0.0008836481116337254,-19.169766425085825
0.026111114641713618,-0.835408911814099
0.021708324599209947,-1.2746970664309611
0.009956563646978545,-0.8970783264816695
0.014053998688741319,-0.8049533090872617
0.02042370946659531,-1.2490181604036856
0.010337422640340248,-0.8263778655518702
0.011331521759998246,-0.19675854501393453
0.006860127158703742,-0.8306214220520136
0.006395398684949489,-1.1486247314489304
0.011017225844002604,-1.5510924574823082
0.03697017817027056,-0.7264633864946921
0.02790893547550535,-0.976688113054357
0.01575326828388669,-1.4071796943803219
0.00325169141803703,-3.129030088723963
0.01126687607738191,-0.24317435702533455
0.006863890660847963,-1.5789981774854296
9.504172404572965e-05,-50.26728828384494
0.00818159265869941,-1.0924583598429234
0.00046595620175631213,-8.32059325441816
0.012584923771644937,-0.802439282147181
0.002274991508686444,-2.149842899954079
0.009845492829904365,-0.49514038212680805
0.005784130212468382,-3.88372212357711
0.009331064818111478,-1.3617955515195783
0.007170085183418187,-1.20230895595013
