r0,rU,rT,rA
36.52344169097383,0.009735531692732117,-0.7905620988894393,-0.000869865641708462
35.77803983959486,0.002349356199704401,5.224906190117268,-0.000674245403435894
37.01350597687907,0.005754057714513347,2.8704518531204797,-0.001024432122566681
38.50386071148425,0.007164109978121025,1.1407394285464896,0.0016386415196651585
36.519006049843966,0.004840389336909871,1.4388014385791579,0.0008334698922047523
31.11642403296555,0.008885631114942158,0.6608671090057091,-0.0003067632460114931
32.919499586603855,-0.0009189674043686074,4.977506726189566,0.0024467665215760653
25.761035379148957,0.00019414848011586622,5.080025257249776,0.0015938492773318806
37.36930540532819,0.0015855737735057046,4.705357286718279,0.000967942780170646
25.27404736473131,0.0044370798349922065,5.828088837050565,0.00022907483812250066
33.17810095186324,-0.0005422538389147436,4.964104368929867,0.001551859906162527
34.84121847027372,0.011060133401859355,3.1420749750974357,-0.0003396401268600208
29.320651974799215,0.004394861458228917,4.363307365791907,-8.04547005404852e-05
36.475296801488874,0.004092943872574794,1.7434568590795467,0.000705022695963234
24.89684597113938,7.879428050996192e-05,4.296294419292566,0.002097496288462237
31.69419422357647,0.007183438738218069,-0.47682113096029033,0.0014206145732673526
31.253384060375755,0.006120849489723215,4.875528085654131,-0.001610817645449275
42.526380334401594,0.003265025310450278,1.1385125814334307,0.002101391012460989
38.05742800308082,0.00843437348200782,2.593645518721342,-0.0006257097793272322
43.857332203575034,-0.0008762957583341454,1.0751672600136828,0.0033070643262198937
40.06548936378433,0.0005495329139842,0.7818635767678526,0.002991482911999556
35.11046136274961,0.0016773697036417683,3.7204610602895904,0.0026762198265438365
39.284240294172605,0.010122608448777187,2.8493735045023634,-0.0011403706305204494
39.4313064809931,0.0040534711651895716,1.643466442199613,0.0004115690926168571
37.15284191378711,0.010512198532043715,1.7895385136258894,0.0009224809568272679
38.45605363630438,0.0038023625941481366,0.4708973941971527,0.004068241386426971
29.80686092083738,0.004310053310720972,1.2945007224789622,0.004322887186953399
33.323689074049184,-0.0018430224761968638,1.2810184770965973,0.005285728101418816
33.82539435044305,0.006774668720987906,2.4793292646711373,0.0003180915637533789
41.02208418371443,0.0019672829052274693,4.051614721145912,0.0017726282090502654
28.960683249973997,0.004626192059493359,2.163678535238471,0.0021682824227389876
36.0232019282206,0.00014638228585545752,3.1689804486406157,0.0025459998870631753
33.52144276021379,0.011380134971854895,0.6915052396086853,-0.0016236033936181382
40.73301390269349,-0.0016793692025552133,-0.9105717916339899,0.004907054862165181
33.62786691516175,0.009966870656343446,5.9488493246190295,-0.003439659989500423
37.8263411572032,-0.0029917740776094987,0.0949572286854139,0.005206976699716754
21.254385480476287,0.002275777770658008,6.955771092701026,-0.0004892941231656447
26.42491342495545,0.008247789659100302,5.119091291113708,-0.0009709888912133177
38.48691631135609,0.0006450169792200618,1.074359005756429,0.0017801589877367054
36.20814681138186,0.004683643450172685,-0.6977467508479451,0.004623314034479983
33.7150882152622,0.005302917576485358,5.60571720061272,-0.0017179025599305825
38.97585530587779,0.001871768982325859,2.5264832019396497,0.0014742296085555246
34.6508909488034,0.004333711984182363,3.2268444679069965,0.0012867059521289085
31.873821998050698,0.006495188928504501,4.947360253301549,-0.0007540683048671301
34.82904352148198,0.0019019371739788773,3.806370258358241,0.0008503688423057485
34.75896108552315,0.0011888177295773198,1.1365989863447297,0.004437700226477841
34.11669026185143,0.005726384618502443,2.8781747058866145,0.00019169798328144737
33.36044566259318,0.001425424996705023,5.268341086875665,0.0008558036861692538
31.521213648823824,0.004788921938350574,-0.3219816362528156,0.003395200973648474
38.643830018256,0.001089684216305127,2.491963599692457,0.0021787848529100833
37.70381437150427,0.004171297753979286,3.3615178390112033,0.0010477521688089342
31.964595530499594,-0.0053533678481122015,-0.706959041655591,0.006907778035173416
37.966922342647024,0.0029171161527036665,3.936900808007029,0.00038630357350611364
39.03197609207258,0.004311858654011468,0.8117160925486558,0.0012393130112733452
33.315035403909945,0.009366271767312556,-0.14340324068542332,0.0003567324243121823
30.666917651448646,0.008988733909740722,1.1921927706773432,-0.0002408820879241791
36.05192313351998,-0.00014710098789044658,0.7953634707981192,0.0046740087973096665
33.63221764472814,0.007730775856665826,2.5727078900085383,-0.001808158060141268
42.132569792342714,0.005879602748943776,2.7572201863036603,0.00035869523942827687
34.487384632455196,0.006858197887499001,1.5693808072180735,0.0019282299879870486
39.037924682613955,0.0013893417407019604,3.3654333971068615,0.0011421307161410905
34.4258148670991,0.009455570267183258,1.10517401230822,-0.0013379770130695183
34.810719563444046,0.0017018116085913005,2.8957233409791012,0.0018540933980537668
38.85495784126461,-0.004694232988501441,-1.1987314889370697,0.006439933510381618
40.341338972982314,0.006020093017619126,2.3116310817935606,0.00028366312757419434
36.6374932535321,0.012951844762598294,2.8241193308129984,-0.0007065076297101875
35.64690366226859,0.0019973239908860616,1.5711861776600373,0.002921605935328285
28.31847815643766,0.006579007140948802,2.7712256651587213,0.002403459866825263
28.48006177905011,-0.00010997591424482395,4.748526326228537,0.002256789590010573
40.182514040784824,0.004957205004631949,2.1322782016298025,0.00035766332729026524
40.877980281389725,-0.0024392670457619972,1.7605496202578277,0.003155298176436447
36.33393291284105,0.005074228487412381,1.721307401759013,-0.0010237370463938547
28.25970272213561,0.010011553293213602,4.669711626179514,-0.0007085839649374451
33.46040844194767,0.0032290101239153173,0.1475020044382045,0.0022175090802325375
25.660175667379978,-0.0007486224799756922,3.4867237072516715,0.0019295594729442792
37.41205011058566,-0.0016161211962632815,3.46273926883409,0.002294940581549349
37.190439866037906,0.001149376227235766,2.396588359613875,0.0016747811188757935
41.606745468026794,-0.0009605482765454929,2.902740181628329,0.0030522022901740536
36.968481143184164,0.01048124605030899,1.2414824313090176,-0.0021885067265839594
37.91632588817746,0.0016572169612180379,3.07163827068548,0.0017599297179697346
40.305497213513824,0.008326149392051141,1.694026007357988,0.0005400255537337485
41.17749825493633,0.0022229844403636443,1.136067258286742,0.0027330569751764337
27.962510088123572,0.005596620187581579,4.370624745762328,0.0006173847664289753
35.71991982743111,0.009283671975708497,5.3302053295143175,-0.0021396475177320163
40.47523744637566,0.0018187092528285918,1.3668317147161528,0.002655920810834174
41.72331193612593,0.0004685530184953767,2.038550148035932,0.0015911631840560838
34.107470388162966,0.004165142312140779,1.791228065973309,0.002029099496164659
35.97429664984207,0.004648768111879533,1.5669699861415296,0.0012193137083142418
35.59815092825081,0.006139065220420858,-0.017373349221068146,0.0011977180895750843
38.29475219283418,0.008742726221500704,1.6810596930150596,0.0019348056390162262
39.22236611203759,0.0012708153381143829,3.448537907275935,-0.00020705620055837216
41.20774680872663,0.0011583437989512375,-2.1384264853910877,0.003859623877229713
41.403561233568766,0.006282715902656422,2.4489701483878576,0.0004603610241211399
32.84585599219105,0.005099907759884789,3.8854306181382854,0.00016510893678310114
32.70871241436125,0.005268175799146018,3.979176627657118,-0.0006294719021092557
28.874721194197193,0.008695699528934266,0.7145181120009559,-0.00011713791179624995
35.57183196517465,0.005224000474213566,1.6838201596948768,0.0006546313066716982
41.41012193853547,0.0026489203848466462,1.4113496421047529,0.0030439357587324217
33.04837603058628,-0.0012660852687460945,1.1304841232647385,0.004305427171015341
38.07201054081505,0.008236000774232902,3.5739116086408105,-0.0010105955799595359
29.83659251543726,0.0036994656923959946,4.497837114805369,0.0006402236797243557
39.19833347700913,0.007722126403076934,0.3350941072688949,0.0006968332372689356
35.19807750878959,0.0034308263164356616,1.8064195671439447,0.002146253736821001
28.6800737351246,-0.0007763540818842155,0.6789500444085459,0.005995675662820733
36.07184530556195,0.0030541958843094174,5.914268416507679,-0.001462597789646621
29.676307324134214,-0.0008074806816549271,1.0566833905090105,0.004509509114834497
33.85028053401169,0.007444076557157649,6.561772548306778,-0.0029888749878936604
30.90312765724758,0.004733217382384568,3.967232980155288,0.0010775273282881523
23.878540279450473,0.006554580076893599,6.587514428269977,-0.0013469890371909032
42.06927305095653,-0.0011127225924007305,2.4103600805148178,0.0029941353136032217
37.62044330888694,0.004582542967812956,-1.2126030068691915,0.0043075663861465545
34.01559103723438,-0.00537642004614604,2.0296037832864893,0.0057506964655963475
40.93805442180543,0.010228156473859665,3.3430442919964145,-0.0008423276519751641
33.13333445650562,0.007666274574470464,4.284414938418697,-0.0014767396175796924
40.74324188105186,0.005887327938600037,2.9989294781856928,0.00011994105494082233
31.282221493475618,0.00042101495851763,1.1700168630452046,0.0039615152991412704
34.52519109798873,0.005274027861015659,2.5803208426305435,0.00018304192776513024
43.3983730497601,0.006444388430611794,0.8530147538415088,0.00034129181815063434
40.55439815475583,0.004242405363305261,1.297729572544875,0.00214803271437079
31.474330419866536,0.008908514117535328,3.461756437906412,-0.0007518837140321646
41.44096352480987,0.0012944796520697798,0.7085855595214505,0.002100514178073172
39.421075477260516,0.0021451345360728605,4.356777937025223,-0.00013343508630534015
29.36851791523595,0.0007131008984682882,4.096213478674135,0.0028768872211911226
30.10912101788211,0.011250943428866343,6.259749336486653,-0.003415489117875407
33.37686145815636,0.0018710529700971586,4.342446899468308,0.0012222070132399895
35.53016805564638,0.00945680766934869,1.3863581993295178,0.0009028212947598132
28.057713528887447,0.005253483622276958,3.2631722445018574,0.0017690116823921135
42.020040012646234,-0.0025268714522076064,0.2887864272261307,0.005281934836409162
22.849016974290773,0.004797981248940096,7.743461383982793,-7.925503726948012e-05
33.07130394144899,0.0022529672835475264,3.87267845662535,0.0001712908449826387
31.235770238284385,0.0011910787827227008,1.6725908682857977,0.002820895614512367
41.03413204226149,0.0025855603615907675,1.2509361186172425,0.0006371920676202582
37.69434134869554,0.005644919234498482,1.9598819352039083,0.0011011831405111393
39.3035547030105,0.004554507394186291,3.2449991559281814,-0.00023907658842465109
30.887063566528536,0.006498365870844265,5.215312010290461,0.0001071662038003554
28.876709960266027,0.006953796340765763,1.80274168357332,0.000143825806025554
39.28525153010361,0.00888769676261202,1.7260813690700272,-0.000460710561805148
32.26770543545415,0.009821734488112892,0.785710712368479,-0.0006199505968491318
38.175599952324546,0.0011926233211828152,1.8955007529088919,0.002275305486196177
40.813513555238714,0.004305893473332493,1.715903378153828,0.0009274526455972929
34.77409968649344,0.0024545368008664706,4.530095392331132,0.0008041364587957166
33.25376113335902,0.0035110558372471695,-0.2515219315810111,0.004024409291946393
38.378456376055574,0.00894838296530465,1.537983471820633,0.0003673868356339496
34.96235175501498,-0.0022806136437003217,1.1998212044312064,0.003914638017070026
35.599553667184026,0.001078792533177119,3.3185055498992826,0.002098825061087285
36.732909185073304,0.000841161590172901,1.0476821425377913,0.0029714016378374923
38.03251115121796,0.006385003467514288,2.656933151178415,-0.00013336274954271375
28.240309360973903,0.004342949023263305,2.9325525790687785,0.002987237734449963
39.833833205134475,0.0020305981011294614,2.285499520400533,0.0024871940670917296
38.89013883285597,0.0014893836152405175,-0.9724982097351033,0.004771673398265627
37.83025615406669,0.00034845748392371093,2.2284276384369424,0.001988282396823404
41.090015946399056,0.00784965560229375,2.7763571033048073,-0.0009702526628636201
29.57535494242736,0.01058566804946341,3.4562889044447354,-0.0019083543539242316
33.535514643007495,0.006359224487281706,4.616268720860139,0.0002613940577106695
40.24438369914633,0.005299470355643864,2.0276249604294794,-0.000365312699527544
43.86743401676945,0.001950789743716451,2.0707112087963675,0.001502198956261614
35.01145973682992,0.0033682780028562852,2.083182573939613,0.0016812387433599708
31.916331846738018,0.00479792581792504,5.07968210517236,-0.001204265476036345
35.126470647569384,0.011226293002133233,3.4248026882868357,-0.0007018520837266643
24.234408576312827,0.0051399259647219265,4.20400752959306,0.0013227861846155614
35.516502245493,0.010480706896887647,1.1773466827406855,-0.0009990782418989575
39.80707549483741,0.009933489057165724,0.44350944898462785,0.0006315938045807063
35.006981203204994,0.00418776737480405,1.3308013150518927,0.0021140596456164368
23.115849532274293,0.0018455342019093443,5.720475130593032,0.0009065164328396216
36.78276127457233,-0.0026756087777648095,0.589956068378715,0.005221854196318554
34.37597338913687,0.0115528892953671,4.594954388337131,-0.0005408081697692167
39.982093787677215,0.0008144740049594195,0.7943323449570661,0.0011523993165385928
25.620890449421786,0.0032539910386574604,8.309091638324652,-0.0008732747613485307
35.26693877825685,-0.0014131463207529458,2.481068094726276,0.0025740892682619278
33.580701987405064,0.004284919499668065,4.1057877058812045,-8.774247665246731e-05
30.614218668140033,-0.003431439519574082,1.0793837704128935,0.004787507470799287
39.2433312969565,-0.0026636205610769733,-0.6667076745565207,0.005177642244513361
28.38268731624937,0.0036425154018573398,2.37962345553172,0.0026595547198002435
30.201869232114788,0.0056052306631004635,1.6521404582704593,0.003123380241401508
38.16336366775802,0.004164556620451386,2.1134029134243706,0.0018726589095259193
39.64422098793418,0.007559176262085967,4.140614686146975,-0.00031683301228328174
24.144953707148616,0.0039467914980049245,7.748503087751963,-0.0006836346426997081
38.693314974452505,0.004731816877531857,1.5889242803676535,0.0006558358921385518
36.60369192139055,-0.00509718706676969,-1.6324115224580245,0.006975899311602802
30.730531907825075,0.003657544196698624,5.479658986507738,0.00037779707337067133
37.26216747747409,0.011102108079884324,3.5372446861377114,-0.00044439528382376044
33.33023436254266,0.007412141125729368,0.1734528396039281,0.0011596057101588499
33.63159460742855,0.006525821892364492,4.928964845846192,-0.0014652419567782356
35.46383507203568,-0.0008408241034929715,0.22939685940324983,0.00438258705908174
38.816310849784024,0.00195397314603306,-3.0603115835002646,0.005203703306107959
36.71470877147693,0.004352922538773538,1.850696660397901,0.002481595562003936
32.75898287213845,-0.0005733460939018184,0.8300261802855378,0.004402744273275929
38.65489586988248,0.0006818946355747118,1.969956371157187,0.0018100645800080044
33.25850020609455,0.009448468679547972,3.7534381938557377,-0.0012033282273321694
32.433591185099104,-0.003250210875821384,-1.1320233883831552,0.0066454108463924015
33.56292949458564,2.6633213186337806e-05,1.064386073254965,0.004202708154210986
34.197637915853335,0.0066818066771408635,2.1385227446013158,0.000624580645224972
41.62678434486268,0.001805459052137565,3.6003298037431537,-0.0007927991600054
30.423322655326025,0.00836601520109715,4.5004779583815,-0.0004808308175717163
41.29826979957544,-0.00016795287347044253,-0.9944748631830702,0.003047663718925785
32.38408282145215,0.005924831791250136,1.7816211446640782,0.0021805326511578015
40.36470877912778,-0.0005268889625887748,0.24363810783772588,0.003205186940714572
21.61968926279078,-0.0012212846331674189,6.627240469506656,0.002276360169372446
35.52093711410333,-0.00321867096440986,-0.49695864406261653,0.005704207131556739
36.571800435808065,0.006242850913201919,4.115441556910413,-0.0006221899021016998
41.00419588597537,0.0070377947433033355,4.0476318478374145,-0.00032611575000985406
29.561429109147593,0.0006838567719168101,5.578533410691715,0.00047300886702883113
34.00008755141737,0.003160898207823057,2.650476430171409,0.0012599120537115668
33.380564924463954,0.006905030329551991,1.7009345170128296,0.0012955752017088716
38.74061632601922,0.011591979589976553,1.176860454956194,-0.00172969379624418
40.032821324818045,-0.0028613764727506382,-0.4442683090207096,0.004028801064060335
37.098818708395505,0.0063691446934714905,-0.27744761942320584,0.0005930110264952114
32.847256579587125,0.007573470255019438,4.381710303724453,-0.0017137526673591781
33.051010915551196,0.011798661573756596,2.4861888850899136,-0.0023452643847843273
40.99052281508257,0.0035245233478689705,3.451924233141354,-0.0003774836515555843
33.86711879813259,0.007442558031635399,1.3008257816508662,-0.0009609135263476147
38.01967324292013,0.003943198354948341,-0.42662044598931637,0.0033361849752696036
28.34356916373657,0.0034819443200991766,3.040644850764095,0.0012994041728827644
30.195747618576117,0.003347533639777501,2.1210992592602826,0.0018261829434510224
36.349451669979764,-0.005376397691231885,1.8618782322067222,0.005544716857939211
35.7658366659255,0.0011654730436015713,5.3684534946922495,0.0005676912572964367
32.444284075824775,0.002615107700075804,1.306209507347851,0.004095034982895083
42.05241952947585,0.00044799301276536325,3.5797054472189287,0.0005286936823278526
38.11396192198938,0.00690323156085158,2.865393785702125,-0.0005309276812878844
33.11328576444582,0.00804749301386681,5.717072055380921,-0.0018791874395361148
40.84563956096869,0.011916033426456004,3.0073758625812737,-0.000808014739209771
37.18703214657196,0.0009130302754836087,3.078740626094725,0.0027690266598953414
30.483574590623768,0.0067249977343272265,1.5110818227383913,0.001362554493450136
31.8735716815898,0.007368909555015913,-0.00767147402866275,0.0017075423006162453
36.06722475969434,0.004136941245894038,3.2018089973409767,0.0004017160894655698
28.205791798480718,0.0044535460584058,6.319490100331322,-0.0005833702728570355
29.573704521512422,0.0015440579578583414,2.999669922223897,0.003429987184981297
35.86004604932828,0.00952402235309447,2.14733526915275,-0.0012393753233374554
34.09533066381079,0.009398196535345552,3.913573550648475,-0.0016774063122667014
27.796172591932333,0.0035493339836880477,4.371486582375821,0.0010406427682012331
35.20375530807808,0.0060024801288258,5.869387939510873,-0.002284865238176903
35.46578297106631,0.0011950924327211623,5.030921939414599,0.0005086636510315606
40.46715208783451,0.004289920987786978,1.4091721842448228,0.0007280477098998432
32.40806888766198,0.0007311870750847018,2.213355733861169,0.003647799557053093
31.665945569064313,0.00039586446532863576,1.090202494638167,0.003206301147561883
41.31297320650247,0.004986392857569579,0.27224331139123903,0.0007692097435577916
37.05655593050765,0.008807161585914419,2.2683845967563547,0.0004520707284615325
38.02679971325278,0.00944098798683423,0.6355683676171681,0.0016435809930605884
22.023730280720002,0.004063994105933942,4.447741659533107,0.0009073294445249107
34.04743415196328,0.0013781943181868962,3.2034256669839825,0.0019198166178846748
42.01811276092966,0.0031880133134237583,1.6110962691232233,0.001435131669797491
29.46883284765311,0.009596245514204198,1.0633081878564443,-4.06542212035134e-05
40.592929596317276,0.009970011920187108,1.0106653504291936,0.0007231666785408322
37.772697351875095,0.005243695788524216,3.2527615401333354,-0.0006810139544143074
37.570623499177714,0.006687129656295363,2.9220038819729033,-0.00017038871386732782
37.6057113276311,0.009264644992296258,1.0672358521090528,-0.000932888123686378
29.52203180730296,0.001423962881304408,5.913308006275638,0.00010993750583294763
34.793766793255635,0.008619353057807153,0.8282226912276078,-0.0005632714724772435
20.75629886335036,0.0021501880585872712,4.980005084311659,0.0013859226572674288
34.53627525073777,0.005711411905885299,3.8986229824548277,5.101337166495438e-05
25.80295655693376,-0.0030031288492904937,4.640711998275364,0.0030443268218321726
39.80432716834494,0.010329313514998894,0.979987968763095,0.0014752632688405055
41.4710991020915,-0.0023420441234622484,-1.144956032038289,0.005887718880318582
47.748052064674035,-0.0007984459213761224,0.9513746253190409,0.0021098139249432976
41.26546130908262,0.012226151194709002,1.987575471711514,-0.0020110637470376865
41.468108813589076,0.002382880759079768,0.9428097603816107,0.001047218632185862
28.976832545601418,0.00823521662014354,3.2441369412379686,-0.0005615076509151716
31.047424667196392,0.005432336285470176,4.55666684257271,5.805675146339771e-05
34.375417983148346,0.006137603859176733,3.51851459681719,-0.00030811659711206985
44.3142293549982,-0.002449083777422375,-1.3945743235967578,0.0042928846195409796
34.03437191630644,-0.001974051146129447,2.5731904303429487,0.003072525435064413
32.8673082719506,-0.0014855576318555277,-1.2550111578039416,0.007594293315927968
33.92023490660217,0.005112066846653213,4.340580341467071,-0.0011099695481211673
31.662823947712262,0.00672892701373122,1.3709979347777836,0.0002467430483310323
24.83805007100149,0.0011264143286021742,5.747454978018102,0.0008993667391473626
38.29437240943105,0.007964499015143268,3.2419127839182478,4.2928625566311174e-05
30.76469433636037,0.0041048813454834625,2.3796317236886964,-0.0003196220543735124
36.59988948380311,-0.004452114662636193,0.5339874266433033,0.005645128181399954
28.52769657263279,0.007969518710131147,1.8568293273591334,0.0003957702304061573
34.941995733761885,0.0029240034588439586,-0.1358993627980727,0.0032356369182089326
36.234821596833335,0.004083722549621462,1.8755281832420088,0.0013667206798734688
31.267206832345025,0.005271755628615242,5.489160836861304,-0.0010774492558904556
38.238278155532726,-0.0036911076803363323,-1.0321597903017252,0.005203448822210983
36.95104810877673,-0.00014582406581801718,0.8307586777330329,0.00328545192234149
21.358530758602633,0.0034157736790599207,6.870997392929169,-0.0005628108791475412
36.863486703013095,0.004035630679608087,5.235887391963691,-0.0014247375287896628
44.02614262160633,0.0010567248705288658,0.7453232713362201,0.0017875557732687
36.36432124453498,0.002457273629482382,4.38446839966891,0.00024839195633312113
43.84103871007251,-0.004363731348708846,-0.890367370050984,0.004528099379056695
33.71726176617715,0.006897449768317228,6.810226977843513,-0.0013968152680758263
34.109424669706236,0.009328737978844247,5.661964257933277,-0.003754035749225759
39.83798855298147,-0.00010985104220936502,1.3705607861233986,0.003383055986344909
33.092476211721376,0.008262078178175796,3.3385904344507633,0.0003851859320720629
34.557577370925046,0.0026718293538061213,4.930738021743265,-0.00033364829218858493
32.33841787603818,0.004109971450768137,1.9545853769792485,0.00042782583766829373
31.09373728784177,0.005236478471635194,4.064100917394525,0.0001962389635068
40.634535851612114,0.004843281506069295,-0.18147901469816996,0.001167635250621025
33.78780596115025,0.0028115512602185757,4.860409053139316,0.0007994487903634698
23.13329069068953,-0.0006623515284403779,6.968546191006389,0.001338005366060057
37.539969933108694,-0.002407817809462102,1.0952367059279797,0.0041482659748136134
35.33616059739547,0.007491332462352473,1.677547223247967,3.6556682565730045e-05
29.974398542011357,0.002255719196266887,3.1840132551642837,0.002422894496553491
28.339095296683936,0.0017836030658010737,2.7547038185581068,0.003675620779056606
33.80328133927892,0.010734557837504245,3.8158024041453285,-0.0019100287394731344
34.48742143051423,0.0026201327589157556,1.455706703898679,0.0027380400322766837
34.420744985010124,0.007233912418998496,3.7430613764020038,-0.0007219699595242367
22.059483112873508,0.0006065030740794307,6.935561824569766,0.0013466915345000101
29.719149915967648,0.005884850319737216,1.4876811349416346,0.003734388771687375
32.49009367128995,0.00871861494794192,2.1261594767626733,-4.94463264306132e-05
35.142924739603544,-0.004116813061718157,0.43536158121444757,0.005969633020461398
34.483427742372214,0.00602874707519655,1.4259364359962963,-4.9562754104163186e-05
31.718829521579636,0.008991440431314671,2.0229869156587172,-0.0015371345702632653
37.918624621367684,0.010295352397676072,0.776189107878424,0.0018748818838726687
38.36635487808452,-0.0031598137086338365,-1.3688382808237811,0.006397256774065391
28.731515427697495,0.011492869069012009,4.671381575436049,-0.0010865542996291088
32.024295642291044,0.008236538937332517,2.5575664221345704,0.0008039357185020907
38.34895267622887,0.006614452223833495,2.104159318370193,0.0009937229403410171
42.15394721658671,0.00047648087143083596,2.1453244754608463,0.0017072836093715205
31.96292477362516,0.010644188994410376,2.2079460372418445,-0.001727205668711011
31.07817614740269,0.007934436891547079,5.569116819663909,-0.0018824451441755898
36.75366913578856,0.00984780835233656,4.016005302501575,-0.00214294825807718
28.428554107418076,0.010624968769338137,3.1023093432251434,0.0006943713223324286
32.67184503678046,0.01077734931227683,4.079851267029734,-0.0019731778168133253
33.223433666998325,0.007069099672843158,3.5248852696031276,0.0001443341908587809
39.88554518214395,0.006188651368681806,2.20232393913737,0.0009153745461150584
30.82947410184081,0.0033809840124622804,5.817817054218071,-0.0011209435562387676
36.15286347943339,0.0016153799114653094,0.40896389625646323,0.0027784719527202103
38.113361910437455,0.0018194565899866603,3.470828189251929,0.0016439047741177767
24.065207826159305,0.004899942843267336,6.791363116135838,-0.0005112806337494605
31.81590958382702,0.004996916860108995,2.183054345593153,0.0012372798185575169
35.22619941186238,0.008031505583451467,5.115753745631375,-0.0029133440127407204
28.507533993231682,0.0070038922567914105,8.047409854377992,-0.0025295463474676173
41.52264369462928,0.005373398548603864,2.130708042702489,-0.0005880115085969224
31.18575416534016,0.004728664808953453,7.0937930121617185,-0.0008316906336417844
33.75543911212797,0.005009983533836127,5.876319731480445,-0.0012959406545961336
33.8311206090384,0.005167666066533749,0.7874414459948691,0.0026892706059115762
35.040662632884896,0.009290915277917746,4.813361164039709,-0.0013973243360189918
20.46456335682439,0.004054312493038785,6.194787609841721,-0.00022677926665134627
36.602578802497305,-0.005424091856662724,-1.6545117026477123,0.007565562994576145
38.7063296477313,-0.0029929553932566207,0.300772839223852,0.004546618864056711
27.690042612431785,-0.0006073754285705819,3.8472078794924545,0.002722338458628305
36.856759900159325,0.008828342939397974,2.5862591122165792,-0.0019137588566897636
32.38499128039523,0.0006702974825525338,4.446450352951794,0.0016112763660507034
37.48662501174787,0.009086635653206146,2.70952903869292,-0.000318646329501987
36.089616920290695,0.010350748975473428,5.169824869580745,-0.003168391428889472
34.19475073499073,0.005880854161261912,5.627271991988152,-0.0010805244138056235
30.47051647552219,0.0055457189842942,0.7455555919097514,0.0038093499079486694
34.66233864912355,0.004479469654364816,3.952207881623482,5.162567766595159e-05
35.284502281041604,0.010040510605406904,-0.08550407932214799,-0.00039551362949762526
26.731841163937712,0.0070584250577422954,5.2224683593312875,-0.0010689052426669846
36.31083636258223,0.0065967494238748335,3.637739209206819,-0.00013746143155621868
35.59741876844839,0.007260125779211894,4.397831623960113,-0.0015595011018062672
26.309561832064297,0.0025458902791710316,4.852875856409778,0.0023599991837682174
34.591573643916504,0.0028727426363730564,5.56856278485137,-0.0007859051144278365
31.493226849228325,0.0030201558714198573,4.356160162411802,0.0005305243792906387
41.74138024629127,0.00617262587191693,0.9943749388212273,-0.0005966556442256723
35.80235988700769,0.0035021555157613575,3.187309937334144,0.0010599726229338976
41.73544934125131,0.002492715881334956,0.7301174710871163,0.0024928186684945496
30.48566235262093,0.009052756687167724,3.9816701355754835,-0.0004556149281250153
32.08809231871832,0.004243713266773195,4.990637727885169,-0.0006331228970803462
20.23173831848173,0.0009271585268983807,5.28140289395538,0.0012375061612209344
38.229553913729106,0.007379237349207035,3.6665433088917365,-0.001567573191631199
31.255397173150563,-0.0014814547199254301,4.159938887098556,0.003022197072094156
45.17937302072549,0.004825184980487451,0.7267336479318462,0.00041654319473028736
51.21788509085113,0.0011265571309732219,-1.5181921576592354,0.0030497311780682593
38.263464887435134,0.009470090418239147,1.8214540527033551,0.0013061549676187617
26.55015537057221,0.006436565373433697,2.424434715607174,0.0026587146777464475
27.563063419901365,0.001940176184083477,3.0033124309043644,0.00337870532813154
36.813308335943226,0.00978104946051986,3.5954233409859877,-0.0005899206861988147
39.90068609561577,-0.0029966042847170507,-1.5416806026459464,0.005982309278202424
36.28632510038197,0.0010107232716250582,3.72984837770308,0.001774577376201079
34.27917274116496,0.004513237746154326,1.0461260464709523,0.0027375589358283477
37.77421114206996,0.008857353833056478,0.6835149536022245,-0.0008553003251028782
40.41590693910809,0.002614361352663679,1.9665546488479602,0.0011779135606389702
38.11177759484972,-0.0012001055408514634,0.731362637724863,0.0042966170696987025
24.93088991824474,0.001112021110788896,6.066995503449043,0.000432259890480175
33.08673971625485,0.00975577517607806,1.536262995933372,-0.0014115119358933939
34.66368668588064,0.004625678310381203,0.14992552550850435,0.0011595301041948886
34.94088477045684,0.004319681377332017,2.412028389065414,0.0004730322409466762
39.84606407062181,0.006182357742921082,3.9363237169181966,-3.4247973014485227e-06
31.362743197962775,0.004945807614611924,3.7595953765497354,0.0012108985645444739
30.171868056328375,0.006474500555397909,5.032898781776306,-0.001182689442062886
33.749254294856264,0.0018140525800342813,0.9973376282567059,0.002670678362637592
37.887316806414255,-0.0007096118416385721,-0.3881296687977662,0.004772576137972495
40.68528902755242,0.006091659303696398,3.9326434692929038,-0.0010489664335661443
30.18733947758374,0.003448209948435104,5.3796663260045765,-0.00021896850123672275
34.90672412016707,0.0018238162582025156,2.6130774992935186,0.0028665755970260186
24.959154758822844,0.004987196464033265,3.3345981727186156,0.002202199462159999
31.89111709818132,0.0025602501687542537,0.14485099238776844,0.004887628126211634
32.75035772595998,0.0015029467871690459,2.290204912933792,0.0023827135385080427
46.5330945346064,0.004563318638633662,1.2251264854277628,0.0002060545249802523
31.472700485624646,-0.0042060961343266855,0.4538627729108202,0.0057815386583958146
33.391502850089815,0.006290402509991208,5.216802656460865,-0.0014672448698647565
39.207810375931835,0.00941154406647313,5.426217258657349,-0.002567990340283827
42.28028377806109,0.0010130715921038988,3.2908339195002627,0.0006529720579472704
39.03925473148688,0.004580338820884417,1.935074021166102,0.0016666330683082077
37.42082876771941,-0.0016124930296543955,-2.290879707995373,0.006008600699756343
24.956088763065903,-0.001044661688025358,4.392536390979404,0.0018501742644061697
31.21248326275341,0.008327006543554328,3.7088848022857173,-0.0003973212933276618
41.73268865468985,0.010729895452988438,2.3634941036880264,-0.00044108027963399527
35.24589178598759,0.007293290847348742,0.39548892453634865,5.6671966636063836e-05
28.72072940756536,0.0012047969268829182,1.9715192992284267,0.003911113872796017
32.33106083241539,-0.0006221764326677143,2.880851438339554,0.0024577152877155975
31.34232868407473,0.007627524232026174,1.9610244620009127,-0.0005147908267016876
35.488852681810435,0.004265441270447527,1.6723022824228777,0.001538555817437158
37.406203469405604,0.007280144526069448,-0.3649756557913788,0.0020653416502411158
32.13813322025023,0.006893913584871808,6.580946314117553,-0.001808536829474784
34.68032561509626,0.009561068465835858,6.602370483926618,-0.003910928281099974
28.58550767229189,0.0016377938970637187,5.182291100678915,0.0009595950558021389
37.39268594686923,0.0040031210742674924,4.355337564014958,-0.0010744859907040347
33.9350379843791,0.007337606366162813,0.6780390466515638,0.0019573889536661352
36.6173724136203,0.00813774611737825,4.953046729301846,-0.001138251569153346
32.31490470761311,0.008313424144488437,2.6958291660622935,-0.0014384959864288
39.08912179014277,0.005958780123220913,2.3701506221674666,0.0009468109761490628
31.116505703751418,0.006980322039584926,4.947410322020465,-0.0008764735728721149
39.84088257775857,-1.5236842623987147e-06,3.9856391699934197,0.0011515436108818311
29.398148019132762,0.0011596539148633987,4.720415679503912,0.000997143022024206
30.671930519008413,0.010041225689487513,1.1765274818382738,-0.0009830316005333163
31.752786571820096,0.006987387019161374,2.064379880426056,-0.00021333570930179405
33.63028435785084,0.005858952209851869,4.405875911501299,-0.0009809388508060337
32.35422878711113,0.00419202208598927,4.685741095306037,-0.00012877723780850407
35.579583190802836,0.012177032774805275,2.974073091214621,-0.0009316051268522844
35.95078696231361,0.00046509442780966626,1.616844853592681,0.0028265658863434262
33.975845489126534,-0.00010589883555252202,-1.9284039176815089,0.00516984580495255
28.53400443381829,0.0005056390796474586,4.28310958916886,0.0019943028524798258
21.57958601168521,0.00476697785943112,6.846007921699376,0.00041302719705040133
37.3562357616441,0.0003167587781534461,2.508616102062532,0.002582040785994286
25.700637881856867,0.002017550262515905,3.7276410208428565,0.0023780257016133965
33.1619196260334,0.0001651143325884951,2.109524229141578,0.0032075629320336245
31.27388222081393,0.002422512271847273,5.992509941546826,0.00036660243886790626
34.59754996819143,0.004787978072181206,3.4514325751566246,0.0004739535162693059
36.73938507510084,0.0006832894476164596,1.96789338372947,0.0029655514310521097
33.27039833982611,0.014122369727049312,3.635852617181067,-0.0017129021879863085
22.640903205395595,0.0031428835109435236,6.557166314225348,0.00034242615859207443
27.946383169827712,0.008422410230358543,6.778917223030484,-0.0031362296358211795
35.01263001950572,0.009450424474924496,0.9517285502038548,-0.0014931495865685893
35.160237973657736,0.008263644806251816,2.7806825348946522,0.0008988159119183994
36.239849995119805,0.0045078651495846014,3.143973693724069,-0.0006143002988012657
38.292474299368344,0.00410727102420643,3.3908600242495295,0.0003255579515535384
38.42835997388363,0.006121137186563203,2.8660052128284135,-0.0005378466441114194
33.24895991367714,0.0065491250452957,4.8091606795786,-0.0002888612982382636
39.94832940505319,0.0034507927873841803,1.38480401443281,0.0010860997569307703
40.5416304524578,0.002610860967928554,3.4704511791910297,0.001782691520938049
30.078381437183953,0.0041869595400271615,3.1221090634501723,0.0024102485759214683
35.14535620897069,0.0032672275638116525,2.8297844387737237,0.0015427828597571664
23.105667984450573,0.006320694295118587,6.844493126625344,-0.00168244300522019
41.34661952639438,0.012056354118061089,0.9805460609540284,-0.0006416622580393211
25.42447352942948,-0.002661385427698882,3.8760948839796,0.003571519304089464
34.110755734670164,0.007091994816630229,-2.048675170248205,0.0035875661464077023
39.71448566219005,-0.0016197858552281807,1.7913218462595615,0.004000474223808301
34.71870908712311,0.00744784923237309,5.792893293622947,-0.0021795645621068543
29.31378748803221,0.008751376789752827,2.206487348282776,-0.0005540695559816775
33.61649137718906,0.006103189457590529,4.529907385401685,-0.001841342931244756
39.023855573333904,-0.0008360399680150536,-0.9641935176362749,0.005672911025951866
36.22253632800132,0.0060991547245162125,4.246277988477958,-0.00053262865995218
42.253085525050196,0.000613179675435456,-0.2784707251193077,0.0031087681859078816
39.19643960308632,0.006224798015610732,-1.595610299576566,0.003532325804176555
29.449870228797728,-0.004246848616433498,4.274744846367015,0.0039442524404078635
18.863964347106844,0.004606899746514414,7.410746957550412,0.0009185643264741399
39.04975221991515,0.006126342106233692,1.3536797029765593,0.0003582127797590968
32.01318181313436,0.0003644153058968999,2.303108848425495,0.0033365710540922315
44.381921221541916,0.002943188348923623,-0.22426780817483882,0.0017494141037923852
22.22409200643766,0.0002969096527187102,5.540288994415677,0.0018107864543724021
35.55500717278918,0.0028038143802037066,3.3399384712121813,0.0005528340792109068
37.41404617335814,0.00222165138081608,2.8072947564308515,0.0008646490262073317
39.965509685559,0.0076157141435731724,3.826668742890284,-0.0005298544080888602
26.87379073614662,-0.0003432216511394411,5.689889719304863,0.0011501703102263418
35.71015548448367,0.0038838157911823216,5.849972181019326,-0.0015766236356484107
34.3341722282075,0.00951723304130997,4.74653472397962,-0.002290441412099337
39.70917938587134,0.010670853181540256,2.4170617394634863,-0.0006174128968534013
33.774209048197996,0.012814922010482482,3.4279373631342493,-0.001540216784616661
18.51845683804988,0.002381164881282056,5.177051411252447,0.0017662249545237166
23.800979830944776,-0.0002606633799173573,5.780677545346137,0.001622694916479963
39.02160807061791,0.0020445489849426884,0.322196450488601,0.002935934968368444
39.88034443585874,0.006571686866348998,1.1330020344471694,0.0012395351924378165
34.45278634568702,0.010929454057783509,3.224988707783267,-0.001182763567262181
32.2688330616675,-0.0011747856064942006,4.105100269556541,0.0021595476713310423
32.7671709200468,-0.0006093081753735727,3.876459318614651,0.0026762400168285744
29.144153777510244,0.004145219241985644,3.940262968676118,0.0014302414915329095
33.68947887698218,0.0015999887819244441,2.1055447319800047,0.002362508584210547
36.76436983093232,0.005970557277590478,2.184291317751141,0.0006402020291165621
28.87126786939425,0.0042928488551767915,1.2792474095172586,0.0037426446280983965
37.13373369943531,0.002040274110094133,3.1697094523094993,3.888092619077385e-05
33.8804518185689,0.005905031443659437,-1.6989194352732904,0.0044925260171750645
34.593895770203915,0.010038837590058197,4.103712104375339,-0.0012431516140988623
30.43019958399648,0.006320401081470824,2.6763749773939787,0.002307487031053196
38.13240280437072,0.003844846013529331,1.4742314983778784,0.0017393203115743936
35.83811020046368,0.00969318347307131,6.8125742751878064,-0.003805546798091212
35.61570347972621,0.003870387207916014,2.392212716903855,0.0008591996225623949
36.5370412559729,0.01006059865565791,3.560368374943086,-0.0008557706202439422
44.482278395756865,0.004794976857421857,0.5215389543849427,0.0009323919567449801
34.97410962917962,0.005380398472238782,1.3124520320606867,0.00033650331919452177
26.82686606177427,0.0072929202342822685,5.4923904548610745,-0.0010962632216536723
36.641806482654665,0.0012957290556657904,2.7845948389308584,0.0019269640943558014
34.15100733711582,0.008278358113785434,6.042365341597041,-0.002825086071222295
31.927967408487604,0.009016919439660787,5.375665832314088,-0.0013593471374116406
43.43051374429596,0.0013684371226296262,1.214258542926751,0.0038296023629008705
23.46534221334317,0.0007901951264895816,5.74188073504843,0.0011841169801911691
32.136688004007624,0.00249538062569331,1.620943557208713,0.0032842404449574107
36.507089240861404,0.009557355481667846,2.9042996336887454,-5.158778801045693e-05
39.58304051443796,0.002152254383619703,2.7592421151934596,0.001658168609164988
32.30361642989078,0.007367295430431044,1.001952464553785,-0.0010343904633744409
34.258142744648275,0.009351947840475355,1.5782618596787639,-0.0009005103189267714
31.364477111050824,-0.005507438837792456,-1.6526768061260795,0.007436555060322985
38.03044500557043,0.005548379577748178,1.0336023119395787,0.0016335496046921672
37.76625366178902,-0.000446999737037319,-0.6416046025947331,0.004608321205097913
34.078110852714886,-0.005862908361163624,1.6345989674652255,0.005758968172726381
42.14478284910645,-0.003834702524374766,-0.30879963376220143,0.005866365205440559
25.257612594867062,0.007087918342779904,1.1828204489476075,0.002891029205996081
43.832506336177794,0.0022949978322460486,1.001297018219711,0.0012451057314273337
36.71914429699213,0.00470563155702242,2.8682058241073993,0.0016179505414652155
32.092070270088335,0.006707293570575941,2.363098924584212,-0.00024681524408958356
33.637133767660224,0.004100455040833582,1.0024883700459866,0.003113817856471875
22.00532625682351,3.501902965526724e-05,4.57467648800143,0.0026316946582262144
34.49881733734537,-0.004037427671425363,-0.8785397343729262,0.0058893873440055994
34.9071486271808,-0.0001649643147349205,2.044095019321394,0.003335408844469195
37.478478478941554,-0.005688873514169971,0.8919370238459262,0.0045567995388794275
31.55814149189535,0.0030591967890915795,-0.47298516797281176,0.0031464104333742016
23.793300646691748,0.005115136121525888,5.836815579335618,0.00016663874611039806
38.59696594286298,0.004416371218651895,4.244837281991239,-0.0013372592406159707
41.69966024128997,-0.001964533404293728,1.0806216700539344,0.004088732944290129
31.150231799643436,0.005038576895789128,4.49422255393993,-2.1554184755836082e-05
40.9559130098008,0.0026880557996147242,2.4388509791002457,0.0010058736162566115
43.47612142130349,0.0024242862264987064,-0.17808920928006877,0.002578791411290103
35.854390095140126,0.0012472442974851535,3.41769418122706,0.0013623822629710537
38.498566745886556,0.010477866980238351,2.832382907237455,0.0007150152676062859
41.96254791202339,-0.0013613858031207124,1.6800455712759734,0.0028926417291513136
29.172532837806315,-0.004383354148045422,4.277963966970153,0.004972362387610285
37.79727542852976,0.004627742465137488,4.325413616409736,-0.00025765897380481155
39.62632749345669,0.012809529916885876,2.2702666103564777,-0.0009193783502533844
33.333908365076745,0.002975022433048706,3.9138634436118513,0.001280014212813542
37.43788466343244,0.004139433172999631,0.6681984670809454,0.0009849786751104615
34.862953947159376,0.00888896181796208,3.7638340666605057,-0.0002459987885167661
34.26782549987737,0.0018478283177296548,2.416411831938797,0.0013031931081426617
44.79302366536029,-0.0005257241756027307,-0.1196317052344309,0.00371400850002083
41.347908782825655,-0.00017446035458453402,-0.29111422642456364,0.0033907226498470803
34.12512937340115,0.003949493692171996,2.2709500262285225,0.0032055357029592605
39.850989131456785,-0.00103879862572114,0.7622775843430497,0.004389357843706299
32.68642801248313,0.003952381981830709,1.3944078157035618,0.0036338028649906718
33.52961593452502,0.0009882850344710883,0.26406193717201987,0.004388370472032551
34.29985439112462,0.005709885847407608,5.79580869715527,-0.002094917273596717
40.37198392645647,0.006739811084859855,2.5822956505479198,0.00013764303075713274
37.21970013527773,-0.0008185769494419558,2.77155031917068,0.003161513211936037
34.12564279603817,0.004406492640473092,4.657258063012374,-0.0005746765346175294
33.33257398573301,0.01042910094828898,0.9215745550327944,-0.0011195071768023437
33.48307675515956,0.0060780741118598505,1.2828085966851197,0.0023077080610274664
39.98422844011203,0.0046757223166648725,3.5216768817363384,0.0007241790998472358
35.157678339585146,0.0034307214344207297,1.6336171271331765,0.0019278817744291456
40.24140468737649,0.0026753794913035368,1.831289874352119,0.0014844658487445086
32.61355006377218,0.004990167009865804,5.525445891038452,-0.0010789105076264187
37.981196924335926,0.009175524090240313,3.4113296734268608,-0.00011578288026364787
30.323250334425815,0.00850499193263467,0.9685826991013757,0.0010096005759921783
36.87090877694612,0.010420913813814867,5.841821200900798,-0.00412681614682057
26.510400095630885,0.003689542959308614,2.7320884957753817,0.002372999223801806
38.65511933974514,-0.0049166868890022355,-1.4149515000206851,0.006733294563380101
37.76656699651082,-0.0005045047504500549,1.9889184250097267,0.0035753152269591246
31.299987509140294,0.0034524920284840672,5.79257494928663,-0.0002804948583349068
40.78162822297421,0.0014262639193449542,-0.3215281938329113,0.003527789672090924
39.6567304034327,0.00819883933950945,3.1815573357625877,-0.0008223140182109653
35.093636535879085,0.005938375701895036,5.046829279129316,0.0004368542245187956
33.52576433755047,0.008496948724280255,3.661116890945242,-0.0018268428976191005
40.09781381367455,0.0009148508779252833,-2.835913355962905,0.006555086091410743
32.06355310102733,0.006080128556584739,-0.48941346968374755,0.0014529290266511847
37.41665553360089,-0.0009897906322416828,-0.2741284668812758,0.003931811096710931
35.27161170982835,-0.0020024851325288052,1.1722333677303325,0.005047754607875844
34.76320354750568,0.0015619211233857322,2.7057829175220856,0.0024739525044472866
35.28652171711952,0.0020066178252176703,0.657526725094571,0.003700656838195035
32.898735888477276,0.00434329183675514,5.674311115253853,-0.0005705067006850624
34.47344073368638,0.010377511834444962,1.7477691301272436,0.0005325418490639685
27.182936964818797,0.00039562819584623536,3.5021915303705486,0.002194858764395257
42.89743405416353,0.0013354478933922697,1.2337290379711618,0.000683117860646418
34.50458658490113,0.007553426809060954,4.324212550962177,-0.0014876525545976995
39.566242287819335,0.005267895539709876,0.889278870594298,-1.4392379401884916e-06
35.702462479749904,0.0032057173509418765,1.2266381663080042,0.002664199562364039
39.71043568932574,-0.0007214886834564596,0.10439404092634186,0.0038646866496510643
31.657659707761976,0.002267577529199738,3.135675258667005,0.002866054334112775
38.54671905357058,0.003709882500204858,2.9607353620797854,0.0010697141378999708
40.221990420784174,-0.0009804023631626363,3.336107726896119,0.0012340034834283098
34.82286274369529,-0.0028588843489793818,-1.1075441528293193,0.00520503110916348
40.4456698863383,0.0016887370669525104,0.1594406933117416,0.0018631781181654705
28.78122011969503,0.0034069520531610003,1.8419116564224831,0.003966051794452208
30.22480808277333,0.005135541074733364,1.0512244336086018,0.003714171670109206
34.728931980608074,0.008300296505615177,5.356823129838329,-0.0032200868410739436
37.01615910758555,0.003873846186628954,2.6193046132199926,0.0009568338511536652
34.92058686083348,0.0020453811068209793,3.3577304949729463,0.0012542931253471034
39.368272371209216,0.010211105502840257,5.35703152457075,-0.0017008898347442786
35.81608051198418,0.0029419413892600417,3.9351450574981803,0.00029903088452895685
34.95313842721184,0.006467639801793087,5.396308260772339,-0.001511439455542101
30.990369883574388,0.00037094985690649994,6.051138463349885,0.0007031915689606038
43.61432033567202,0.0036369157045441644,1.4176107399044402,1.4675671149775964e-05
34.60359330865974,0.0068272329709981976,3.619229175062549,4.0442279215889684e-05
34.71692563983771,0.009029162396168897,0.7461504868314844,0.002895521756550208
36.00711784279569,0.004417947273280869,2.77644053932201,0.0008059356892604646
36.667563331330385,0.012519062367094682,2.270649681006895,-0.001072576420644309
33.1439853477282,-0.002739355066723131,0.006640472965212585,0.005820904646740231
35.12298734829976,0.009800327510485977,2.655829005285117,-0.002354882702099098
25.28250518263964,-0.0007026347913435572,2.227881749425301,0.004786279294663847
39.994920171176354,0.008340369826846633,2.48851546180742,-0.0018818096804945155
40.13737464199632,0.0014322577205209176,2.187045458748463,0.0007585727887986895
37.68261270931559,0.009754273377483816,2.88350043099965,-0.0011613010942303579
30.143068928840385,0.0012112675200243366,2.3271411675835756,0.003415074947624458
35.86357014869053,0.0018129309501121666,0.07202994312194361,0.0028457841460424183
29.893527254464935,0.0006691639165676215,3.840296212220645,0.001112598711755849
34.42980169010696,0.0023721347218608182,3.0067868789680308,0.0015827363361075788
36.58228453839263,0.010192082249939187,-0.8426588594840565,0.00038797956510739273
33.56735538494408,0.009469359978864356,1.0463431178776168,-0.0009108958051589623
31.851650074492472,-0.002274024431974939,0.7960576232538912,0.005812972962045777
36.4431343583112,0.010979028824602347,3.3309691381237085,-0.000448444924585389
32.127438743729975,0.007308685367632096,0.6914345891343258,0.0021046373728881877
42.013698755416925,0.005293471596959242,1.1807612806357777,0.0002058732648573771
33.935034371464184,0.0008197842096061358,2.8827058477018657,0.0016602188147043183
30.303376896508237,0.004058906801831805,3.573003904888407,0.0011213519760369893
30.458679435295576,0.00664564278838477,1.2431278513661352,0.002375711616729821
38.71663543722018,-0.0009093606482693384,-0.9181404734693414,0.0049230825225939304
39.665237601498994,0.003557070766649382,0.671965767552877,0.001560758642072346
39.04435523131319,0.0076884509882140595,2.020141646630706,2.1637334276251342e-05
35.31104028552123,0.0028844439484638582,3.652662503393435,0.0017482345822776362
45.10451680256179,-0.0008518111813285377,1.06462665287536,0.001001569814088553
37.91036679131246,0.006451279387424741,2.7232832591859912,0.0009697894466023271
38.96575944642396,0.005200967477992106,-0.15039045501224768,0.0028337767035476447
31.288261681710107,0.009697630722751175,2.6117105305715675,-0.002707434175562577
34.50189567028923,0.0062444988402813335,4.797638898539888,-0.0006719980324268013
41.08931654599826,0.007467951844686313,1.786091936530971,-0.0005033847171294456
34.128621783107256,0.006471637756532046,1.3741967802025412,0.003013584402476194
34.5661942609336,0.008643620262209259,3.726635379462527,-0.0007327277687045675
37.677252523325954,0.004540983884705262,3.2153017569531146,5.527201342078606e-05
24.750883790140932,0.0046094082261708205,5.6370826689677065,-0.000370321510201726
34.594562096136244,-0.0012645675670090268,3.8413171940196156,0.0031192210974578674
46.24325323205276,0.005685481658016321,1.7102655559172293,-0.0004498594533636584
22.328049883074105,0.0035843825432794376,6.2555579361495415,0.0003876694480603383
39.83333753672407,-9.370984126097677e-05,2.1884530340641355,0.0030641919366885696
34.515468778671895,0.012934621464436235,3.1209500818553924,-0.0014089040534921709
28.286645941031882,-0.0028284723579444556,3.469388336981691,0.003430550181450139
44.7675492673645,0.007429560847295855,2.053033237512904,-0.0008014690141118204
40.36153995306577,0.003935448291727331,2.7079354960832323,0.0008564793553412554
26.207603691872126,0.00012640460131116546,5.490160384161356,0.0018511947239257288
40.13583010085909,0.004647703295423447,2.651818287344276,0.0008459870010588009
35.40343097542155,0.005519878304868549,3.750073553759099,-0.0005305774711706477
37.40149538509362,0.002676972301911734,1.2536945668760384,0.001408255210894127
40.80340026849199,0.0009716333874549022,2.624600280688635,0.0021470039453416094
33.59941166319316,0.0067705498442231565,4.528518709944216,-0.0015960310554006436
39.01302178680368,-0.003131998580144768,4.246775272875178,0.0034158977310669502
34.41752087327605,-0.001728416943600524,0.9538281949985183,0.004251859542916861
24.207973669625012,0.001605019643430644,4.96734489868556,0.001468319161398392
37.077765369247324,0.003971975995946383,2.655387810584829,0.0008711541904782398
32.10782723361663,0.006568350222467503,4.216306833123673,-0.0012627508578174555
37.710632096224856,0.001800326234856129,2.0549237335393213,0.0022434496246920388
38.03982381697429,0.0012294226589214209,0.8988399638479997,0.0032390466116473237
31.722188929025084,0.005661633921346048,2.4259741464251547,0.002393750586633725
35.860924228366635,0.0014935513985914381,2.7007355318127435,0.002225778028374972
30.050342664766585,0.004919400807140609,1.4201761902796448,0.0027541336252420575
33.10296592664116,0.004573351741414383,4.8781407395235945,-0.0009532166621316695
37.05886721949494,-0.0001896672310540662,-0.4435663865441367,0.0044229757580606975
35.16737513754724,-0.0036158522247389004,0.41630260430311616,0.005639606387674109
31.42120388016354,-0.00456709787021327,2.8448752259247847,0.004481389302305267
36.38470501430672,0.006902874929031573,4.516034934706504,-0.0017924856680391354
43.0286060937308,0.004522703223151371,0.5335765008349469,0.00028950280245358825
29.277721447699406,0.006871686190449078,1.666188695450638,0.0032190742394993853
29.305713144718634,0.01413165164066434,4.021252304762847,-0.00457094362569938
38.85834427988353,0.0003727063597281429,2.964636675973374,0.002247831935919797
44.670199861632106,-0.0017637086453258918,-1.353627364959694,0.003941228457352314
42.47689902857568,0.0019776322867024665,2.166143814914014,0.0013294876389486035
42.55089842075953,0.0036778864112965324,-0.4486265518300292,0.001234157579049864
33.03464696884558,0.006880882061299841,4.779720026700118,-0.0009512658703383099
36.891758972953305,0.0005920022945375865,2.1457232216282947,0.001448044766357114
39.740709789679265,0.0042821149535942835,0.437676302157598,0.0006800737809665362
30.16824587051056,0.008776280673742082,2.9578035059975827,-0.0011742606894104188
34.52242595231926,0.0063438903248659384,0.5800310422116419,0.0021420072481553977
41.45336076294699,0.0032727755234164798,0.1208783027583813,0.0009709580758944937
35.56137855604741,0.011106446458565195,3.6521763878042957,-0.0019237013202102037
40.097347032773065,0.007706543754459766,2.5518321615103514,-0.0007672611742868553
41.28795451104949,0.0032992011517029097,1.3240204985541106,0.0011484569368480676
35.53516292976808,0.004647423881076465,2.927677135226498,0.0002733283025312754
31.825203833238273,0.010337844627081845,-0.06613788726627967,-0.0004144297325291952
25.926549240759467,-0.00018892961705838378,6.239783268040491,0.0008172796812718645
41.361131022806916,0.008837847880486315,-0.7073950177699897,0.001458173951769725
41.41243407372325,0.0035358229322000868,2.584906373319598,0.0005418115212084658
25.479947045491123,0.005448532418147183,5.551399940353963,-0.0004292690063941926
43.85467298028019,0.003282556265961486,1.5308144308540612,0.0004712470332065105
32.59447466387133,0.005684890200149401,5.7164801429574315,-0.0016372116034200778
29.986880300406405,0.003083086340052149,4.168998569397465,0.0015048342470779378
33.99387179641636,0.007894124587967434,4.239926984067334,0.0005237712648529212
34.808688822448936,0.004284902564279795,0.38176551121723024,0.0006029078908616306
37.619180109015204,0.0031352172695039227,1.4039519807571321,0.0012676122832064008
41.08993177624119,-0.0015397470106874947,-1.4712828944446827,0.005462883695297611
34.70220482587919,0.009552630823587635,2.3247759734266267,0.0010875059273783157
35.356162987916946,0.0060838201010155754,4.30834015609396,-0.000792958778593407
33.4394484999833,0.005627974284297228,5.973084318276899,-0.001987670864824615
36.87638626662689,0.007793677956163189,1.7736029704762437,0.00032651668157697753
40.32450728088175,0.0077132361268876775,-0.4914891845252791,0.0001820004457929945
31.86602635279692,0.004037767883078794,2.12062551334559,0.002513808173984119
21.46565002222981,0.005117931733207897,6.489820480981565,-0.0005530666602134512
32.08761268604279,0.00025045140624704865,0.08099661666210367,0.004349022193415461
37.2824277465697,0.002166290395360057,3.1012561369430895,0.0016346981263088824
28.329903967310802,0.005556416435058558,4.5089460387392215,0.00021004655709089682
21.860618923225864,0.0020656157991881907,6.817011541280027,-7.110016597419678e-05
34.72027166177628,0.004080357831397267,3.8527961676518165,-2.7576815395140373e-05
33.8680754249993,-0.004643356177834568,5.032076195011662,0.0025021016368369418
38.31086524175368,-0.003351112700784067,-0.29430713027215655,0.0054690503124158775
29.71810896404043,0.006986113849112746,6.721706939302345,-0.002724555768700429
35.469999660741216,0.009973900667625631,4.0875893576980316,-0.0006932386121931344
41.417912591051135,-0.0012015806635279867,2.9949331398769568,0.0025852239952145178
39.65345144912165,0.0017414453688404156,0.8513617139122726,0.0011880296711439106
33.6176965799,0.010025571593568325,0.2773578181170997,-0.0007054225309991952
36.184091038488766,0.005311140704761354,2.1537585348139565,0.00041565504221714733
28.82286320701845,0.00665392930105682,2.333141670811178,0.0009566449171466689
37.78471212091621,0.004636539280280927,3.643257539069154,0.000709534669831079
39.44474220739746,0.00906056797990018,2.6785439949104015,-0.0014330152471043677
37.4824762165493,-0.0017682988796893211,3.352653856185645,0.002268248642759173
37.79247549171874,0.0021942851089305107,3.27618231617489,0.0013847048701100804
32.77103098614597,0.0038109607052194574,5.124830233713128,-0.0013594191090380513
37.64743296598602,-0.0016070534185118036,1.557694094321946,0.003661147129168294
35.97390948506308,-0.0005422626388390197,3.247692970620213,0.002739518642818116
39.67980386153923,0.0012227148419766062,1.5661395309965673,0.002783685102661821
26.695059342096506,0.0007545963010679674,3.8862224204569507,0.0018156086264557681
36.40808686695722,-0.004339274920326416,-1.0816474540994865,0.006429047441859483
40.97694408549833,-0.00045989582920777253,3.691071958239791,0.0018423261336351336
36.49637606668175,0.00921775235712364,3.2221247797930768,-0.0016217558872441585
36.13237459902723,0.004006916787009269,3.6159923567256618,8.723245917725375e-05
32.57388708164371,-0.0006232616375196984,1.7246414552547247,0.004303735819408426
29.067492043197557,-0.0004979652293175243,5.193381292442518,0.0022297182585877895
45.945372792337615,0.0007236584207422694,0.5180925015931742,0.0025620040694648172
37.473388516912145,0.0017875954254875548,3.7463347097499153,0.0010717192500923124
43.212966623647674,0.007239033579988194,1.7410708705930387,0.0008059361709205541
28.66827094301368,0.004537759985917981,5.907262155620451,-0.0009828337828485763
38.23189737101719,0.008699712557668205,2.2608434575019367,0.0004390431369365278
35.21395187134732,0.0050402061132464974,4.185722498580727,-0.000785796890119257
26.572082671148138,0.003222548185058822,4.032274114232698,0.001779231480536552
32.305594608354234,0.0032928721257768755,1.1273265387966733,0.004346536838419301
32.13579687920829,0.010294859954356396,3.659482116806581,-0.0008443041098321568
37.232352333274854,0.004034211198047452,3.56427687310184,0.0010083541176317472
41.243197301284674,-0.0015532352888388552,-1.784325109595101,0.005164522517636642
31.485408603540364,0.008575066291067288,2.059523259693707,0.001714000390528173
26.766108912120707,0.0017766833779134235,5.462275966522818,0.0009259588102349657
32.13470683638966,0.008529312150015657,1.8983023326687145,-0.000798532750655808
39.83521486656417,0.0020822399691737678,1.6885460998192512,0.0011668524661356027
33.19564855242205,0.002338412985920951,2.766517389554586,0.002066465101826345
36.233821836199624,0.002080939175825345,3.829137017045054,0.0011882238800232968
39.84830089659327,0.0027543394002340783,2.018400632676687,0.0019031927285854252
33.3723228459991,0.0046063759647277484,4.02168336362417,0.00020142720989929142
35.659550430339,0.009150018381757496,4.298330112706019,-0.001391585251482826
41.25577856855609,-0.0012457366176585345,2.205592347822214,0.002193223273692397
32.75029255070835,0.003106820969710787,1.5238480055409414,0.0036980378104838818
40.35287860243875,0.005287506730984781,1.2092019212565113,0.0011403422231682407
37.81932745617348,0.011362302224228826,5.231027162045278,-0.001995785542353018
39.765281477182164,0.011525357771426801,0.8898979325900287,0.0006117127796937852
33.38143963445373,0.010333383907097558,1.4858802034075334,-0.0020697989466323926
32.68670316644043,-0.0028277272079070886,0.31756067795005816,0.006223648028874063
41.21770852876586,7.096949961028505e-05,0.1881324279641552,0.0043900166648126295
41.53417550664987,0.0023963782630552484,1.5742744298392823,0.0021954934635145754
38.569303065485485,-0.00018210731901875709,1.6504265643465892,0.0026992760779341214
35.07744972276127,0.0025166783562308595,0.3191708648651759,0.0035273824343021974
28.59927254291276,0.008611154475207071,3.2083925365284705,-0.0006060386897620006
33.89804119807644,0.011285392547927467,4.652039284749035,-0.001144818556982152
32.5893011011209,0.008582106880365464,4.576982923632176,-0.0015655982106428231
29.806822198840305,0.0017087887122638056,4.255683976592337,0.002311791972765608
46.10922775764628,0.004811872154913204,-0.43305214116019686,0.001729860237438017
33.412874559548946,0.0042963016052482775,3.790743771512874,0.0006608226186976388
37.998877613653676,0.01026521142668714,2.0713814932842984,-0.003321546199469471
23.196658619398498,0.007209335867056938,5.337980147107627,-0.0005253602650254865
32.7084230823132,0.0046883864346361805,3.4120146222986163,0.0004999431575879343
31.32573946528528,0.0028635608103543724,1.2577394192059055,0.0030970122044141103
40.34658041341759,0.005312101085350631,0.9840513847307704,0.0004869995994182389
31.984503898803954,0.009201321777937418,1.469805611039559,0.00041439476897566245
39.68192350631925,0.0024904480051892155,1.837842329236956,0.0006805781334120787
33.62961709550843,0.008996858609010623,2.703441546887758,0.0002260839520688159
36.579886426995905,0.0072123963842010905,1.553941887598635,0.0002703137064125424
36.34207084430911,0.008235964705391102,1.1546038120048958,0.0009660873123505742
38.71491829316586,0.003348368888185717,3.365499337801716,-0.00047280223882445157
19.326745160430427,0.004028334861571112,4.866191173687214,0.0009990291274833774
39.33641661255791,0.008142637708456033,2.5950863076764885,-0.0009025404402607249
35.55892036762725,0.005048907948590038,4.198632560103173,-0.0005538604194778071
37.745516220205836,0.006700472435055124,1.1731760621113847,0.002670475148733759
39.30750276409891,0.0034716334207714585,4.076355816399137,-0.0002812910672241678
35.09924270664046,0.01422508210174345,3.9549068255752475,-0.0020886251157592145
35.9779002677392,-0.005422988890806575,-0.8725511436247193,0.006173483502176559
37.5381214502484,0.011179501105649893,3.592727400128215,-0.0007874505163698187
41.37068838796542,0.008311411385354992,1.121268873161306,0.0011709464504791132
36.034699447994996,0.004986860022047445,0.5295606713209879,0.0025461961192632413
33.869798360408026,0.004452811508188931,2.4961402467465534,0.0013632260133971488
35.03225379857659,0.0009851157854899296,3.347208908607276,0.0022963826552326217
33.30134535063053,0.004521653645417599,4.203860649111104,-0.00012131388884273407
29.30873733649976,0.007132640602935565,2.04983905393862,0.002559472598000817
33.61350386810453,0.006065688234865476,4.436468755557966,-0.0005133820616828177
33.0360836110356,0.004035678446392516,3.694830325354004,0.00018245889972121868
34.61560276856839,0.005560056632994116,2.149628282072379,0.0014460802859892763
30.98716572902792,0.007915489350020219,2.6126634416242527,-0.0009897808704070758
34.34286666977398,0.008478115480210944,5.320662411759063,-0.0020298444904026996
33.3661139473184,0.004269147422510493,3.4743920397175194,0.0007999257125215827
31.128080811013394,0.00837365098513477,4.7593385152091106,-0.001486227766411408
35.113007310778315,0.006021271514599157,2.8127609190929097,0.0013642752733131994
38.230829113469774,0.008838544516932754,5.8817494081441675,-0.002315834446614659
36.655119653030525,-0.0012010669527508745,3.9046907082804116,0.002468144810002304
30.799563735312205,0.000507436479457969,3.257409042505685,0.002653080120564813
40.6399290462549,0.003610235018448133,1.5954442687324635,-0.00014460265931892993
38.700368619952975,-0.0005924078277914037,0.16049890430423697,0.004824256376716493
27.622777937287104,0.0010402891437309345,5.563744837320025,0.0014635373296204832
35.430187047278366,0.0024180498446655153,3.309044431594777,0.0019477324086408085
47.60206029199087,0.007800484384644841,0.739773594610611,0.000959850484982898
30.59298618911736,0.007868505051624246,0.5468601748709935,0.002728112627292518
37.223223689293064,0.00019098823056066519,1.7397450128525471,0.0024682191842182325
39.09849208407736,0.0010770126119977407,0.9636841247458275,0.0024600083210065534
34.46633308233377,0.004926926450948834,4.965320210383415,-4.584027563286409e-05
22.894000962393633,-0.0012831435795497002,6.266428984442409,0.0010095780045136925
30.236111805469566,0.011544242141341615,3.3921031190682394,-0.002715651027626472
41.41765907261588,0.0006127404889054683,1.7560031030966194,0.002564475889253468
37.03703844470432,-0.0037146163469305837,-0.2624287978458978,0.006397189543414007
30.788802186521263,0.011284295810812368,2.351076792744581,-0.0022994795270212622
37.43480701797834,0.004711866065663194,3.881257529112725,-0.0005763836369937162
39.130688264961066,0.0010375044247850115,1.188544180609044,0.003304321420552859
28.629354423133286,0.0004368252984934453,1.3104947364717736,0.004881735470752842
33.601579210474135,0.010144270852830144,2.3578283594960223,-0.00051258187201326
38.66723148719928,0.0017525177719552717,2.9117685025610216,0.0018613479061462864
30.55017201555401,-0.0008955210124289015,4.1093387199419835,0.001788709792515361
40.0959662724448,-0.0007147106115011663,1.467523144232386,0.0034096345965696695
36.445508903912206,-0.0017483895322575266,0.7668156157997148,0.004956635574591285
26.804083411704752,0.0006647099285858776,4.013025820027825,0.0029580594426709614
41.95008620036015,0.0016397197525071633,1.5053668911681266,0.0024644008111661016
41.53878516220111,0.0032416619359268845,2.493042205451526,0.0003998993072578525
31.783112152901197,0.0059911200566305604,2.7323255894439757,0.002140975469764891
42.174283252719846,0.005971887259165125,0.24475993184474643,0.0007627600663736498
28.434300655084606,0.0025120418728148295,5.207985380750415,6.616910679732666e-06
40.96944610318689,0.005503907100997919,2.0581535132323827,-0.0002651573310299461
23.78329797801401,0.0014939278891129878,5.5899740345388595,0.0004258645031810338
28.052235791969427,-0.001380764157916746,3.9976301666161502,0.0027354850021727743
37.16683587416311,0.00047578139301844785,-0.18333185658612683,0.00337809550282942
45.57636051130894,0.009507818853421494,1.1797760145711818,-0.0008035195239244133
37.12299174865181,0.00811719808790828,2.8999849036687007,-5.932913179569843e-05
33.6403182070845,-0.000350119122253153,-0.8909140903810473,0.005414219957809585
30.41008381052245,0.013927060199133309,2.697171851485169,-0.002881376306934681
37.09237400973416,0.0019422690332144008,0.9844220096611416,0.0011719215070344138
34.444405604332225,-0.0040778514541613305,-0.476036736712237,0.006527813679564467
31.10673841134631,0.006586346866284581,0.8966147064054631,0.00353528429918898
34.22894416124622,0.010383461395127622,3.996852202710944,-0.0009376822008151887
39.61799046801266,0.0025453190928935534,2.246382405690113,0.0009881673866744066
36.07417923337518,-0.004605496337272698,0.023671775233905457,0.006216507442903272
37.89536283560472,0.005152454137782108,-0.0644565639811534,0.0009553000378577315
42.683545717278946,0.010330393800349643,0.804028262596582,-0.0021750698046298263
39.163377612381815,0.0026531110840602207,0.8449484235479077,0.003960964445915654
35.66609050867838,0.004835051404771494,3.4852787040662445,0.0006664274020696782
32.25520674848405,0.009108442348292566,5.331370181504798,-0.0027835533329714493
24.71765686723316,0.005304024975620037,6.025823548808037,-0.000440236193858983
34.58474641699618,0.0048943985456045445,-0.2874432774855864,0.0037535423383530807
35.64063027009913,0.008446947588119114,5.1599543462865745,-0.0033300079565485646
39.892176060129785,0.009240110160583912,3.5192731707774336,-0.0006928664920424531
30.195985851375205,0.0065129528350840165,4.5351641651045105,-0.0003636332057449103
33.66099210138308,0.0010724263858529455,4.202518745822828,0.0013428127488308043
37.771723255459015,9.021318867596972e-05,0.8074675608007789,0.003322231442389841
34.054263849108025,0.006008406721981902,0.6466385864068964,0.0009666684546350369
27.469554025300706,0.0028980442017751407,5.38558120535437,0.0008099336627367451
28.522688393999303,0.0017099870670277907,3.7488057637515926,0.0024834570550257354
32.94939624755186,0.0022087185321505247,2.3282328065100235,0.0016058159575877587
37.506961827258486,-0.0016167370485182183,-0.571319132541059,0.006217586249081289
39.388378483139476,0.008201309688086508,3.1649591651754374,-0.0014252540883029124
31.424899580884098,0.0023059741588189954,4.747519478043259,0.0008258930590877714
37.60592587888488,0.0019751034494250247,2.966408090290723,0.0015098110084599823
29.64723681402576,0.01107812857298495,1.839497928632163,0.0011436114446452838
35.58311425396013,-0.00035785575506888136,0.9110796672242336,0.001700768169332173
23.630366352657077,0.0010484290143683837,6.481221760859385,0.0004968111960705355
37.33047731503493,0.003712448382911105,4.210212126082427,-0.0008291377324476698
35.236424760045296,0.007529271342730897,4.988412523291444,-0.0024433325161191495
41.223967299484876,0.0028956648136068425,1.996952219878121,0.002013848585427544
33.41834870398553,0.0012806664844272092,-0.8903468159711105,0.0037586477077352055
36.39464361012449,0.006961242263196716,4.792751939099635,-0.0020976139784207246
35.565810912163975,0.00678420251127097,-1.0995012583747377,0.003279430070510311
31.718122598741385,0.008579606893925538,1.0775166433309291,-0.0001453570387985576
25.626074323216468,0.0038338341380628636,4.358683505344409,0.0011073598278656704
45.2860062389111,0.00632154527129442,0.5267062179874091,0.00014290662149558974
25.02259493428167,0.009967663788052403,1.6530655534265326,0.0019014091854421418
35.928668871067565,0.010112924721396539,0.8426273765884348,0.0005305974962912224
36.33114415800284,0.00211693124900227,3.448107474929196,0.0021752073864689876
26.705557242837315,0.0005792228587961868,4.58704317588362,0.002123037481383072
34.926776060556854,0.00460674405786611,5.796127005707348,-0.001087507579577533
36.421193533434874,0.0029336145868577644,5.355318252132719,-0.0009389188169320736
42.18806233185321,0.0042785821266395066,1.5718393217811477,0.0007867551365345474
38.742975079512156,-0.0022409533778305893,-2.0645277339490637,0.0060335355119757956
38.08002798835538,0.005680733250225435,2.708060600641739,0.00016860309213366466
24.166821371025186,0.002792807076995402,4.018940806648288,0.0022241217615538984
33.72028018920394,0.006760594216229612,4.243379629850536,-0.0005042317761673603
38.39988306734248,0.007696252813676956,0.17282252453678426,0.0004311698606849927
28.284192598530918,0.00549595476972973,6.205657755267958,-0.001164678656409056
40.616825262431306,0.009857789707467438,1.399250070200307,-0.002490735424233873
33.868541826505854,0.0016641651568251982,4.387187121554978,0.0015722714872858066
26.575227857743737,6.450946497330305e-05,4.862911673674806,0.002354563380716978
35.21527417760682,-0.006568703761720266,-0.12617756772470748,0.006070973506369725
36.246992756752775,0.0046268478659822155,2.367959022156789,0.001348337595062882
30.611285771007864,0.004822136412199532,6.838284998236194,-0.0015053826626550697
37.34005526162904,0.003612551144958796,4.719881881524832,-0.000980902936048746
34.71228069625219,0.0033755534952143503,0.32258153364432285,0.003821568223646316
31.08408548779728,0.0007713523369815524,3.9373117221343943,0.002371252471543897
36.88969081758,0.003768732267088501,3.378443144592551,0.0005821666970133859
29.99978566823816,0.0016779489914282458,2.508803398540327,0.004016980544093209
48.600529047895215,0.0029148502114261375,-1.3487116226005043,0.0016452424713909305
37.00456372260459,0.00201811165006739,3.096878569796552,0.002950413002744823
31.183580810026793,-0.0015213952271662648,1.058043784669262,0.004755641773354449
38.90500257943269,0.010555576353624902,1.8855938828636738,-0.000839019884398492
39.95383633295559,0.007381194536703295,1.0017391647635123,0.0008636612569260242
37.439549506507866,-0.0022373941043172113,0.3351329872136601,0.004358044519446956
30.63370953259951,0.011335387968499618,2.607722007370556,-0.002357754039625439
33.911265662954754,0.0057794943751867806,0.17617824811985683,0.002949238563570921
35.35963813883599,0.001206755043981704,0.4375237206968332,0.003182713346340406
34.733492616166664,0.0064450581146566245,5.53573342859834,-0.0006378682372435028
33.78762972046316,0.010507724285059836,0.20856543851566833,-0.0007332626185024002
37.99869458400322,-0.00023141652268559768,2.8576956143413756,0.002843795151769426
23.946890646241485,-0.0005711596208964932,6.446033557461443,0.0020544294691418183
31.993823103726044,0.004316095690912368,3.2487249424285407,0.0013888759332005005
39.86289539351143,0.006388574675630364,4.144075581995544,-0.0020470812324502076
31.348362493708077,0.00725513143784437,3.998838872490115,-0.0011616780333606274
35.46197558759845,0.006008622406124278,4.491694717486425,-0.0008440544220335881
32.569126576280894,0.0026702637536345727,-0.01087300550612702,0.004364517554133781
18.872362739645975,-0.001214117842311851,6.790335014991628,0.002183061783951245
41.01182364432986,0.0053403301733016256,0.48477881944783574,8.762890520060173e-05
36.77652584328294,0.006798548333143215,2.4691938881304445,-8.882343156137737e-05
32.39638098492797,0.005191322541124756,5.526872408729744,-0.0007805317305325246
39.436028322576156,0.0056331278260277964,1.5924606581149268,-2.7218879153933107e-05
42.49170576381971,0.007777601932203964,4.063867149084584,-0.0024047970776558476
36.39558939612196,0.012716582456425308,3.8857898136811273,-0.0012619833039909957
31.25469998535606,0.0037890085832466888,1.2319509008190515,0.002932928340235577
40.32693189274633,0.0024036212800095293,1.494325362859203,0.0013118929575320596
26.100551274751265,0.004231700299743301,6.587571521509995,-0.0012399256153076672
35.5587187782652,0.011981163912961314,4.571586371189936,-0.001450290087475945
30.89339068252786,0.00015014579869174574,2.226466794470499,0.002897202014968295
35.590749309501426,-0.0061724200451708875,-0.9858236929622762,0.007136860361802735
33.76453711202789,0.00498668536513532,1.8532750563796174,0.0009072403411326623
28.529385082455725,-0.002035678047517261,3.0549345774567493,0.0035078766984074864
30.22459089844368,0.0025852686468658035,3.325530675579464,0.0015274377768018643
37.94496574506759,0.006483450575367018,0.022351230369955566,0.00034855076935130693
42.10549938699799,0.006851569774728026,1.6840301290216502,-0.001299400458415708
43.48177075495333,0.0006171170363190117,1.1437828958265905,0.002140188625198895
41.247826480455366,0.009079604817496268,2.799781458121051,-0.0008134999584800775
32.601235957273516,0.00459815486284746,0.6575092908480265,0.0035890447969449094
34.169060014832326,0.008054384053743308,2.3510412220115944,0.0008179056063742294
39.55633789122208,-0.0006441429169821215,1.359087680656718,0.003656026900289774
39.427740137010005,0.0074057996296789785,2.4824209256949774,-0.0004416804187654758
36.98019482994,0.003493772358490333,0.21277394375828107,0.004248629668959619
29.420613057466625,0.0015218679722419654,1.5269257126460458,0.0040732504770802916
32.93563045096262,0.006158090013842453,4.5258681522128175,0.0001803045147451179
39.04074142961815,0.013989997189908912,0.2902596874088519,-0.00039779603272056065
27.834020500552235,0.004263251192759986,2.3983815807755873,-8.899565667238338e-05
39.896704978068286,0.007639139345773129,2.359397697137404,0.00011407544221592251
39.98164915254908,-0.00027868501738979173,2.346947874536532,0.0016189002544114667
36.491217260080454,0.009656542132777925,1.465334524333825,-0.0019238524867502957
39.888719577991104,0.006189921953767121,3.4800310706423474,-0.0011863073687144701
35.34213565244925,-0.0005761698342244862,-0.5347853357061549,0.004665509735625321
37.82010500457371,0.003548262734846045,-0.7730788571249967,0.0017455984421071939
34.27558153077548,0.010309815243633783,0.7496956978922852,-0.0004014093376668653
38.116486726683824,0.011732713600840824,5.448605277187294,-0.0016357095057662292
39.80970006376897,0.002389926469952672,1.7233502857260434,0.0007392042107564672
35.22986910420549,0.006164007464487564,0.20556072862934238,0.002053472174965965
24.907216456392312,0.008835992085211769,4.871829953984694,-0.00104359999314798
31.425120357432352,0.00877547895017994,3.5865990438453665,-0.0010935806481577885
33.75671789232346,0.0020765907155568314,1.4266717774783926,0.0042448238549402965
39.63806240694945,0.0031804500441571203,-1.137451116036308,0.0032767477345844835
36.70341225683943,0.003646424636704823,1.7763168189222713,0.0018770024668533145
36.042818041333305,0.008486792612342104,4.707181041032212,-0.00304551862499052
31.019982536134115,0.002994782416748206,2.7860374772903054,0.002476761533938672
37.173055756598195,-0.0019916677195007016,2.8203176613959826,0.0030763510873627283
26.531126386136894,0.008434667515857447,6.67914019489686,-0.0024299703055588127
45.934011111194195,0.005043120420134933,3.0899043850965597,-0.000937796717669916
32.34367048208627,0.014422808980579394,2.497012052339115,-0.004708749453157497
33.86696353977287,0.008043219412364338,4.599156117029247,-0.00043385038203146365
27.01884194563152,0.0013973705766994263,4.536388554625951,0.0016187913954805585
32.23173917416486,0.0016777564886492303,2.2339427228573516,0.003432387421841476
33.89066504786218,0.0067470466162267454,4.00036935729697,-0.0008513827397573475
36.48200142841445,-0.0016170620571906054,-1.9384719144765037,0.005982192976506984
41.04131622221679,-0.004206213547707468,0.7919087063072201,0.004627019591604033
37.89561997835529,0.004806528865209583,2.161176851385137,0.0015056217872327768
31.6329657859606,0.0033102977553729914,-0.5020108878691978,0.004348303152438173
37.667987921992356,-0.0001911767370179827,2.0240705224458337,0.002272820436056117
44.43507756167831,0.002698647365247628,2.0765879271063716,0.0023427868580556607
30.374028866987796,0.003135341125916461,2.2256576748770804,0.0020505884242033668
21.638995385009792,-0.0013411557812671923,5.717929427823702,0.0033102315554183652
43.560307805688154,0.004239400903245816,0.18569687255846778,0.0016515429507572676
36.92056461073059,0.00477084121202557,2.7208025644447216,0.0006549341590322622
34.593498867957805,0.00250560283123639,2.6807326546759658,0.0018343696254832218
38.312385219132565,-0.005425555246309016,1.1114069171553231,0.004831155272699614
40.206354311322535,-0.002774035567391055,0.5924024168251434,0.004350189111957515
36.65641236692562,-0.0024827187229407685,3.326755978275414,0.004670956147104843
33.69993147374741,0.009490103928277259,2.100695907066034,-0.0005330483247325461
32.12821847815396,0.006140388232686546,5.687192153444096,-0.0020069442224680506
40.91208147846922,0.001520120885174492,0.6997872481497369,0.0006703563324571959
36.187730793669445,0.010135394919363319,3.2489378300107163,-0.00023784624287780947
38.88165351460819,0.0030767638354265076,4.010594585019701,0.0011123950027113428
38.645757392235815,0.009241877731870999,1.911383731723494,-0.0021197379271641883
37.879564156769135,-0.0004566400380930734,0.2723912205774419,0.004373329402541787
31.186947870369224,0.004627057207921416,0.9960929644186924,0.0034230200719027127
39.38140219619255,0.00797879005214598,2.456294552196399,0.0002948166451145484
37.54140081629609,-0.0010669471582750193,0.5272675887262026,0.004085403781319044
37.76638495503373,-0.0023682447931063304,2.089682926781977,0.005178349360820676
36.41760978656088,0.005733998101213665,-0.587693272909753,0.0032484899481724245
38.064828307604564,0.0025937070820894748,3.1916118900511457,-0.000291622801780519
39.04038800579947,-0.003375292300191803,-2.0135727978351463,0.006005150815854047
37.86693970559081,0.009102132612883462,1.5720643094924036,0.0004804802460654399
28.55609418489154,0.008504704219852667,6.370118750417535,-0.0014623401656815678
38.27742818242844,0.002729354075594959,2.4319550068834657,0.0007986263201463466
42.02221842911305,0.008265665055008945,1.5580625439144429,-0.00018045484968221898
37.2896358871784,-0.0017313164586294089,2.8763175459089094,0.002836676706201913
28.911475595062978,0.004241884208108096,4.654701149064097,0.00046934773614296804
42.82366278559609,0.007670867532715223,2.4988207767964528,0.0001939152837650706
34.34244821842212,-0.004584549466130307,-0.6678033377394192,0.006467926324887988
32.85079597910544,0.0031233373349249718,0.8546079150246735,0.004111662694478982
37.85002888888002,0.005119586085481243,0.399554320644553,0.0009182181280305525
36.496005189421865,0.00704255967109764,2.289203576911233,0.0009896399029188986
40.44959527952133,-0.00012550403846730402,-0.7999499715853473,0.004672340189382803
43.809523419981375,0.004856398226056546,0.681041018171849,0.000603920645217918
36.59260772822916,0.0013631777648377458,1.1271403827691573,0.0024548653697347464
32.99924419493979,-0.0019402092554112378,0.27520344660443896,0.005624521848101975
36.64793996331821,0.00405697527192611,2.3450020916883427,0.0013367266292131125
31.91257149022167,0.001947904518091225,-0.03922162337791868,0.004840671154173115
30.361374500551065,-0.004583117533353521,1.1145254625342622,0.005505278076409297
